outer_code,rs,pval,npts
CH63,0.9743989749206668,9.971960815480533e-63,96
TS20,0.9001576940675149,1.070900617750499e-35,96
TS16,0.9562670215346645,1.925549243671641e-51,95
PR26,0.7279029247889314,4.402011338312492e-17,96
FY8,0.967504985235314,6.276112474343625e-58,96
L19,0.9762780840742189,2.8928288065611158e-64,96
L6,0.5680954175092366,1.572174134260619e-09,96
YO1,-0.4484578419891478,4.60084224713925e-06,96
DN3,0.6972794429732281,2.975316093475605e-15,96
S13,0.9294921578275608,1.6914010700292067e-42,96
LS18,0.9241298406732649,4.678111681003687e-41,96
CV33,0.9166208861469836,3.311838452452376e-39,96
GL20,0.9348223464782776,4.760065582369691e-44,96
WF15,0.8191909753628721,2.0057193662598388e-24,96
NG18,0.6404270329821081,2.1204767715749743e-12,96
NR13,0.8560149776561221,1.1075115283106222e-28,96
NR14,0.9072885865679362,3.89350644141838e-37,96
NN8,0.9713644287013214,1.7996529575937812e-60,96
NN12,0.9390506946474172,2.244658295423677e-45,96
WV5,0.8497865147457099,6.969831494070327e-28,96
NW5,0.8886680798225398,1.363722641827367e-33,96
N12,0.8442655248333274,3.3244775702834626e-27,96
BS31,0.9624414581191428,5.049436635384729e-55,96
BS48,0.4779342694486724,8.464080275901755e-07,96
PL23,0.9290414098561606,2.2581787224793472e-42,96
TQ13,0.9713066804627785,1.975779082343792e-60,96
KT12,0.8483709829604207,1.046524712409047e-27,96
BN11,0.8796744384477835,4.239275332522063e-32,96
ST7,0.9754881680105543,1.3247343327894973e-63,96
CW8,0.974026282463043,1.9502817305357248e-62,96
DH7,0.9520644342191059,3.7951879314571927e-50,96
OL13,0.9744266253891296,9.484109892644627e-63,96
NE23,0.9382592123059833,4.0414247119338537e-45,96
NE43,0.9234661740186327,6.935975550565098e-41,96
WN5,0.9665446928750308,2.4133300802352015e-57,96
NE31,0.9570805553703273,2.3616206860584587e-52,96
YO62,0.9480188283404543,1.5578978667723922e-48,96
HX1,0.44779662676886167,4.770437212186951e-06,96
SG12,0.891921497963505,3.655386888366069e-34,96
RM13,0.9347351306858157,5.058569171041656e-44,96
BS40,-0.7479143776376882,2.032737450643441e-18,96
TA7,0.7099034468804042,5.595523529372501e-16,96
TA20,0.9462196398176806,7.396615622743069e-48,96
ME4,0.7811073513379109,6.193910864605454e-21,96
BN27,0.9549570326929245,2.1763030695060507e-51,96
BN5,0.7107523791266299,4.984864207907589e-16,96
RH2,0.883420437399495,1.0484936338313709e-32,96
SL8,0.8594273943376279,1.1457746561009254e-27,91
SL6,0.9642526495663435,5.157342100281617e-56,96
PO11,0.9751007238428626,2.74415448048008e-63,96
RG42,0.8749461630039853,2.3168532306506176e-31,96
PO17,0.9202045794015281,4.568976440638777e-40,96
BH7,-0.2763267082176402,0.006425290049574104,96
DT8,0.8224967369824939,9.140817394303022e-25,96
TS23,0.9538795442213781,6.448747404088123e-51,96
M28,0.5959562390593235,1.4971418286169908e-10,96
SR4,0.9410910916056949,4.749754681187208e-46,96
DN7,0.9700418478373405,1.457805652856183e-59,96
HR6,0.8622298798463609,1.6177139523767223e-29,96
B14,0.9555751492132392,1.1530544319068371e-51,96
NR34,0.9024228132011379,3.8422590506153325e-36,96
CO12,0.5585376609852108,3.3528389704598677e-09,96
SS6,0.9447325139128377,2.5754887691608505e-47,96
SY13,0.932752733494419,1.971401620990132e-43,96
EN1,0.798186325917535,2.0868172253678772e-22,96
RM11,0.09551297319237537,0.3546061507906485,96
E1W,-0.12649546344068888,0.21940870626464087,96
GL13,0.5636214502836892,2.2478307971169645e-09,96
SP9,-0.027115349243809386,0.8442109981187242,55
TR6,0.9259371051313144,1.571451425005938e-41,96
SE6,0.7715603490718981,3.620902952366702e-20,96
TR15,-0.17774552270115757,0.08317486148568336,96
BR8,0.9438635882458362,5.254723487572627e-47,96
ME5,-0.08838332491386836,0.39182644363038666,96
GU19,0.830837406707123,1.1682646607786003e-25,96
HP12,0.23425709073725481,0.021605151037713308,96
SK10,0.5332306876797496,2.228081362522432e-08,96
TS17,0.7208250248224881,1.2249627588516075e-16,96
M21,0.9360979136027279,1.9366631012938353e-44,96
FY2,0.03880248780940992,0.7074028963453782,96
LA13,0.5984420204320761,1.2004751930942662e-10,96
DN6,0.8770330580440387,1.1043117052887356e-31,96
S11,0.9677555010479884,4.3874037921660476e-58,96
S12,0.9728666529259541,1.479667400548058e-61,96
HX2,0.8725964311986336,5.2530704442857e-31,96
HD7,0.8176133056135029,2.9020552219677627e-24,96
DE75,0.9522391615258112,3.209551585733319e-50,96
MK15,0.7354308788079024,1.4302197293453946e-17,96
LU1,0.959261256317427,2.140877618908569e-53,96
CM21,0.5802009839386061,5.815164943068348e-10,96
N21,-0.1620917693474592,0.1146075036750367,96
TW1,0.929630006978105,1.5477326132647872e-42,96
W14,-0.6168022091560128,2.211799279244433e-11,96
SW1W,0.8125146287535837,9.349527502337451e-24,96
SM6,0.7518279371908078,1.0768930842805704e-18,96
SW11,0.5502319652585261,6.35205878788477e-09,96
BS15,0.9562937893179079,5.4467529152390256e-52,96
TN27,0.7579844903630875,3.8690895351490603e-19,96
GU8,0.9527762802262769,1.9097123743472426e-50,96
BN25,0.8268480776551111,3.168287623738209e-25,96
GU15,0.8270042791653582,3.0483739639066853e-25,96
RG2,0.875470546845899,1.9256663752221724e-31,96
BH24,0.9281649545812914,3.939650263663099e-42,96
BL8,0.8025027555201995,8.41096979033628e-23,96
SK4,0.9306655363779625,7.89900970582476e-43,96
WN6,0.9703094532976083,9.620642516637313e-60,96
BB4,0.9253516733308402,2.2442691512039894e-41,96
BB12,0.9489102090691306,7.053701543253606e-49,96
L22,0.3796768604703605,0.00013605937876802316,96
L5,0.9810598996021107,8.194150776056838e-69,96
YO14,0.8730555452386024,4.482346482905528e-31,96
BD17,0.9516303020847009,5.740055968693359e-50,96
HX6,0.9287075665801113,2.7937368582830458e-42,96
B60,0.8651050184899853,6.434298214538297e-30,96
B70,0.6754322309946988,4.412832364521766e-14,96
DE23,0.9503894844782859,1.8344473903678572e-49,96
NR27,0.8427749754661379,5.016488158755053e-27,96
LE18,0.9544061004880426,3.805039527952119e-51,96
ST16,0.9612213823352286,2.2060554640810937e-54,96
E3,0.6041271726175819,7.192562721896707e-11,96
SE28,0.38095658329842674,0.0001285890034535465,96
SE10,0.6983507935499653,2.590636728012806e-15,96
GL17,0.9596806743688272,1.3290455346660967e-53,96
TA11,0.8518541151983182,3.820241004258931e-28,96
BS32,-0.12000990819831527,0.2441550810300383,96
TN23,0.8994377047369946,1.475771493724441e-35,96
GU27,-0.2893775564877466,0.004241494564143192,96
TW18,0.7450468368570241,3.2140666430139935e-18,96
TW16,0.7557775973951999,5.603748487854913e-19,96
GU47,0.8480663313070549,1.1415806327764206e-27,96
RG45,0.8705093185317392,1.0723528644585599e-30,96
RG7,0.8774836796513685,9.393687975030916e-32,96
BL0,0.8211757933742683,1.2537201548556161e-24,96
SK16,0.8283241447742093,2.1968896574905015e-25,96
PR9,0.9808733163316484,1.2934806826175652e-68,96
L33,0.7255930689530324,6.169090923184411e-17,96
SR5,0.8688863719861345,1.8520220023509425e-30,96
CA12,0.9167262976891953,3.128391877747542e-39,96
NE11,0.893202699033683,2.1514403983048076e-34,96
S72,0.9518473930999563,4.669516267130711e-50,96
BD9,0.8301619331418102,1.385782008864897e-25,96
S21,0.821976993709821,1.0354031689616678e-24,96
IP25,0.9262909446076915,1.2651337697138242e-41,96
CM19,0.06270673412242868,0.5438857777770973,96
LU6,0.7746396721652008,2.0681182572032518e-20,96
UB8,0.8270854671842475,2.987805057148182e-25,96
SP8,0.03355433846947588,0.745522587219175,96
EX23,0.8824919890007211,1.488892307587606e-32,96
CT5,0.9459222988369634,9.518967838097701e-48,96
ME3,0.9305832046142685,8.33611140878088e-43,96
GU3,0.8212850413607814,1.2215045930700371e-24,96
PO32,0.9085951502876571,2.060645894653072e-37,96
NE12,0.8792861967462666,4.8867092279295126e-32,96
NE63,0.9260904659499697,1.4306908476357919e-41,96
PR5,0.9475376257517573,2.3757450030504515e-48,96
CW6,0.9017336339084676,5.2622874780172704e-36,96
DN20,0.853275726206446,2.5132297334244186e-28,96
TS9,0.9575774850166783,1.3818501543732399e-52,96
YO60,0.7345357337139322,1.6380451623944915e-17,96
LN1,0.9119500268117163,3.8460058417241384e-38,96
LE15,0.7838994549671385,3.6341232790737175e-21,96
WV15,0.7879885537409123,1.6406312958948162e-21,96
WS9,0.8949954728793824,1.013082705111482e-34,96
B47,0.9226073411985128,1.1485871703726815e-40,96
RM17,0.829691628250851,1.5600295339012432e-25,96
BR5,0.9345836242231942,5.621176959799641e-44,96
TW12,0.92468282981768,3.3601869659930533e-41,96
RH17,0.911908840818412,3.9276692943336747e-38,96
MK13,-0.08590996856751888,0.4052643984994838,96
SN3,0.974552187706814,7.546980978372684e-63,96
EX4,0.9778349012358744,1.2335439862314114e-65,96
NE5,0.9529452068393807,1.6199855771952573e-50,96
DL2,0.8900570083943411,7.813035346927708e-34,96
TS21,0.9729341108912576,1.3183241238676795e-61,96
FY4,0.9697368421052631,2.3304304766961367e-59,96
L23,0.9548036592381792,2.544317638484756e-51,96
OL11,-0.02520407091220329,0.8074226950938611,96
YO51,0.9087924694676265,1.8702950207882866e-37,96
BD8,0.8472249540682799,1.4499566905451228e-27,96
NG15,0.9734871607944042,5.059376495513479e-62,96
CV3,0.9839967173262627,3.1866212938974475e-72,96
TF2,0.9278013486279574,4.952583308180521e-42,96
B12,0.8751784642863152,2.134826752946342e-31,96
WR2,0.714978041723453,2.786997640137501e-16,96
WR5,0.9156659209488118,5.530851097728067e-39,96
CV32,0.9655004021399727,9.991649044008965e-57,96
B95,0.9212768297062135,2.4807151122037696e-40,96
PE37,0.7942008347226563,4.736635341886444e-22,96
CM24,0.7677400783900017,7.1674680080281e-20,96
RM5,0.745254449779901,3.10984002777159e-18,96
RH4,0.9108605342555732,6.68188642643915e-38,96
TN31,0.9482348158876407,1.2874050672903446e-48,96
PO2,0.5165208960791999,7.163028363894417e-08,96
SL5,0.9359043927587763,2.2224046286366583e-44,96
PL5,0.7549232726816512,6.460960423214968e-19,96
TA22,0.9263170772380601,1.2449828086407244e-41,96
CW9,0.975959304930468,5.378235615614937e-64,96
DL15,0.7351924773226032,1.4829237769468023e-17,96
M13,0.9129404113095775,2.3132776431655747e-38,96
OL2,0.6473810057042905,1.0225543923741186e-12,96
OL8,0.7861822923883489,2.3361955951087082e-21,96
L17,0.9614436348439154,1.6924196096115185e-54,96
NE39,0.8998497636489328,1.228690584306276e-35,96
YO23,0.30293287080900383,0.002699160318062685,96
BD20,0.7886635176342249,1.436375648554592e-21,96
HR4,0.8548832889787447,1.5569049713478965e-28,96
B98,0.8624295029526746,1.5184292558323553e-29,96
WR4,0.8796285653521562,4.3111772169541356e-32,96
WR6,0.906719393224464,5.122096050568857e-37,96
B37,0.933130307731032,1.5263744237616593e-43,96
NG17,0.9815381276550209,2.4900991606387586e-69,96
PE2,0.6814682682486385,2.1441127054112776e-14,96
PE6,0.4954285869770378,2.868361774754833e-07,96
CO9,0.8381270207930422,1.7614064631364107e-26,96
SG5,0.9364749929645227,1.479290640620681e-44,96
LN5,0.810373244333063,1.512117065476646e-23,96
N8,0.85722424768576,7.671717918898798e-29,96
TW4,0.4738045184880144,1.0833408421493063e-06,96
SW17,0.35927506094092454,0.0003245677399277347,96
CT1,0.9505790590599266,1.5390623347882926e-49,96
PO4,0.9277078609336227,5.2516787288947734e-42,96
DH3,0.8904888191375236,6.560701965982163e-34,96
OL16,0.9136845821209019,1.572514734511823e-38,96
BB6,0.03758572296616199,0.7161807667531362,96
LA17,0.7385272975313142,8.906986187070718e-18,96
DL9,0.23068628770193522,0.02374454200539807,96
S81,0.9306488151807829,7.98593097710829e-43,96
DN2,0.9681103997905166,2.6292068430603916e-58,96
HD8,0.9611090764459466,2.5207280368003153e-54,96
WF8,0.95105061119183,9.914803599337312e-50,96
CV9,0.7968121549669767,2.774084094960753e-22,96
NR32,0.6823034676212381,1.9376873758411332e-14,96
NR8,0.8784315857464823,6.670257556513833e-32,96
NR28,0.9507075930281547,1.3658014608228732e-49,96
PE34,0.6603211250648797,2.5006057944951243e-13,96
SS12,0.4464189427285655,5.142902476991764e-06,96
NN6,0.9200278105269147,5.048809931009972e-40,96
EN8,0.6975976019279703,2.8556491114548413e-15,96
WS6,0.9002350258973403,1.0344930985562038e-35,96
RM3,0.7957717821104102,3.436322589960104e-22,96
UB4,0.9079896110847188,2.770684512796329e-37,96
SW2,0.801408073734182,1.0613187224388947e-22,96
SE4,0.9254795304418003,2.0767327143924404e-41,96
SN14,0.9063044736788368,6.248724601000021e-37,96
BA12,0.8212719640900875,1.2253179846832567e-24,96
BS24,0.888106579506737,1.7045589907287907e-33,96
BA22,0.947677929347449,2.1015783834850685e-48,96
RH6,0.8981676493381348,2.5831050474250496e-35,96
BH17,0.3719362278448316,0.00019051583968731335,96
TS24,0.9506711250294966,1.4129212596905552e-49,96
M29,0.8896560851854075,9.182892243373409e-34,96
L32,0.9566355688024457,3.795816977353102e-52,96
L12,0.9718554898022613,8.072101497883504e-61,96
CW4,0.9742972355159306,1.1987530495991016e-62,96
CW1,0.9183114259041557,1.3157536242044402e-39,96
S66,0.970835396355729,4.203415994667345e-60,96
BD13,0.5660042066876275,1.8593496650079176e-09,96
LS11,0.9412738270313191,4.121870899514354e-46,96
LE12,0.9491179403225651,5.852426345138769e-49,96
SY11,0.9408086167564106,5.908415653344165e-46,96
ST15,0.9553336160762949,1.4794907944161942e-51,96
LU3,0.9526955307281975,2.0655369921136143e-50,96
IP31,-0.3267111166040977,0.0011588975143599944,96
CM6,0.9227571005989538,1.0523220868748716e-40,96
N20,0.9227341337630823,1.0665558987771584e-40,96
TW9,0.9160271177639788,4.558930485059528e-39,96
RH9,0.7292034849321513,3.6346713119605697e-17,96
RH12,0.8063837871602259,3.644270893037445e-23,96
MK6,0.21892987746339604,0.03211012234694842,96
RG18,0.8682481824945761,2.291383562068224e-30,96
BS2,0.769257380497601,5.473519093678173e-20,96
BA11,0.7159082047507992,2.448720752115176e-16,96
WN3,0.9082307462746475,2.463144216263462e-37,96
BB9,0.9266669833778717,1.0035703810371572e-41,96
L21,0.9553569009728863,1.4444462457226605e-51,96
L1,0.851147822606132,4.696101914895786e-28,96
SY14,0.9192512917839972,7.807823583662017e-40,96
DN9,0.7840498667573332,3.53043250247387e-21,96
S71,0.549044344113782,6.949894115863393e-09,96
HU10,0.5332808800671379,2.2200666005406903e-08,96
S18,0.9740123651826692,1.999372392753772e-62,96
PE25,0.9120036897704211,3.7420872921335784e-38,96
TF7,0.8499938962774835,6.5645951534804785e-28,96
B74,0.9226793475348432,1.1012737232978695e-40,96
B35,0.8992840668675475,1.5797977418450654e-35,96
WR15,0.2821820825135843,0.005345589957394926,96
LU4,0.7801486749663007,7.424938773846965e-21,96
IP33,0.8794392146268151,4.6207686458968556e-32,96
KT6,0.5018804835637698,1.8950236705939774e-07,96
BR2,0.9569673319214519,2.6659739397605003e-52,96
DA17,0.5387727707239813,1.491330841078587e-08,96
GU24,0.8891172660166664,1.1398427444239229e-33,96
TW20,0.7582997883049377,3.6684715700415703e-19,96
RG1,0.9274433402755021,6.196829952136456e-42,96
PL16,0.5264163880368076,1.4546774004666154e-06,74
NE10,0.9712487369496393,2.1694118317469278e-60,96
NE32,0.9318931752081517,3.5102500343571083e-43,96
M7,0.9514614469040295,6.735308918609845e-50,96
CA6,0.3292634763446248,0.0010540169303181995,96
LA4,0.8401847157111884,4.1229699615847713e-25,90
YO31,0.8523827412877721,3.271066540868502e-28,96
HU1,-0.44099252814777035,6.89346096311754e-06,96
DN11,0.9609699026392076,2.972032976099632e-54,96
NG19,0.39732628862984853,6.11560838040049e-05,96
WV12,0.8279459425056136,2.413769450790635e-25,96
DE15,0.9425062834094486,1.5651727167800899e-46,96
B77,0.6404378929603184,2.118093551539763e-12,96
IP4,0.8105068622170559,1.4676905919635632e-23,96
SS0,0.8253100512202111,4.623014615500627e-25,96
WD6,0.9296685037368696,1.5097881007992358e-42,96
SE18,0.8818863458779699,1.8686121186342315e-32,96
SW18,0.9202057853311739,4.565861155138853e-40,96
GU1,0.9498930039946387,2.8959286808815437e-49,96
TN38,0.882639012085137,1.408744324309689e-32,96
ME16,-0.15575413312963987,0.1296848022024079,96
RG27,-0.6538328526815295,5.110112785291762e-13,96
GL54,0.9283245898291244,3.561754558457492e-42,96
BS14,0.8163600302221906,3.8819798570665044e-24,96
SN11,0.7056229981317391,9.958252770125196e-16,96
EX31,0.9009431247011165,7.526733036298518e-36,96
TQ10,0.8703573741758523,1.1289911416300627e-30,96
M6,0.9499854176970162,2.6609277883890947e-49,96
CH46,0.9286632375412108,2.873588331361774e-42,96
CA5,0.8743916356608677,2.814757391150602e-31,96
LA2,0.9149132487361774,8.25057280269852e-39,96
LS1,-0.672833498159134,5.989848411102003e-14,96
DN4,0.9531050764515876,1.3856166741735565e-50,96
DN34,0.5211752898089979,5.2067136404189375e-08,96
NG16,0.9579174766071838,9.541289777290515e-53,96
LN7,0.5027632294431226,2.0804392254870568e-07,95
CV21,0.9825316997086719,1.891644416195071e-70,96
PE36,0.7321671394728037,4.964155713742952e-09,47
CO5,0.9000288259030198,1.1343689169028997e-35,96
HP1,0.9019351173067159,4.801174224736317e-36,96
E13,0.0997666753406973,0.3334838285023244,96
W3,0.8887539896779616,1.317821627132665e-33,96
ME7,0.007210054744854589,0.9444170667385281,96
BN16,0.842042791985828,6.130419152301282e-27,96
TN25,0.9469518164681694,3.9498680669598574e-48,96
SP10,0.9339980335686049,8.429893344973971e-44,96
OX12,0.9430421182100658,1.0205232896828477e-46,96
RG14,0.9613703341212475,1.84733794230572e-54,96
DT10,-0.5270729477036449,3.4515753111821346e-08,96
CW3,0.9520172818311647,3.9703585460203677e-50,96
DH1,0.9701028900310628,1.3263927215593593e-59,96
BL2,0.965289906883284,1.323444374921633e-56,96
NE41,0.9634199303176971,1.4933758608437248e-55,96
DL11,0.8674727460260664,2.9633628195350753e-30,96
HD6,0.8804357041413354,3.203618789752515e-32,96
LS22,0.85458676754132,1.701417296589747e-28,96
CV23,0.8856014989433713,4.546202728136431e-33,96
B34,0.9470981841691671,3.480602144424282e-48,96
B75,0.6332870987210708,4.399197279719087e-12,96
B36,0.9058290496804762,7.838498683988745e-37,96
IP23,0.9068746867358722,4.753654888457654e-37,96
NR35,0.9142514142286848,1.1692052991138164e-38,96
NR4,-0.8015533641917517,1.029145971269281e-22,96
NN29,0.8630129572860724,1.2610987863634019e-29,96
ST10,0.8512323825034726,4.581726124731893e-28,96
TF5,0.574586902671073,9.26958862285248e-10,96
UB2,-0.10896401110533022,0.29060745331190807,96
W11,0.8950583182786962,9.86442860375069e-35,96
KT3,0.7191348084374926,1.5568687193165554e-16,96
SW20,-0.5023976998601876,1.8324091994244953e-07,96
RH10,0.9383221820012035,3.8578062134370314e-45,96
RH7,0.07380995835289028,0.4748010862521562,96
TN35,0.9596049706821885,1.449019434004238e-53,96
HP5,0.45347161299392413,3.4878459319990344e-06,96
GU10,0.9184008495572284,1.2523563999206541e-39,96
GU17,-0.35312431158234353,0.0004171631762845923,96
M23,0.9295459403785116,1.6338612444702952e-42,96
L40,0.9370127079898273,1.0045309778581293e-44,96
S2,0.9577856455797852,1.1018814622365127e-52,96
WR12,-0.01240706588320892,0.904502083400347,96
WV6,0.259889918085181,0.010553829451324284,96
NG6,0.8957619045298343,7.311449492575796e-35,96
ST2,0.9695697445091876,3.0072626596931913e-59,96
ST3,0.9838170362206496,5.363665664588173e-72,96
CR0,0.9410567796551141,4.8776586262843615e-46,96
SE8,0.8308581410821043,1.162143718788765e-25,96
GL5,0.9220235293624611,1.6129912410533288e-40,96
GL52,0.9390076408420539,2.3180886133430895e-45,96
BS6,0.8425943539320967,5.271391413502151e-27,96
BS23,0.9079958491517118,2.762275467147026e-37,96
BS35,0.8959300576995995,6.80424992072755e-35,96
DL17,0.7502526579848126,1.3926544597487972e-18,96
TS14,0.9700721601836056,5.759239089203176e-59,95
TS13,0.9523709414005253,2.827261758618576e-50,96
CA20,0.9017458666935226,5.233099337397417e-36,96
BD16,0.8541303516983103,1.9497534346444814e-28,96
S17,0.5032405554266286,1.7345682740862386e-07,96
LE16,0.8910367285620435,5.250777997360888e-34,96
B31,0.820357861102461,1.5226519203845778e-24,96
TF13,0.7722678404281248,3.186159831665829e-20,96
DY14,0.9329462517027698,1.7294449494411652e-43,96
PE28,0.7067748734014533,8.536042118206923e-16,96
PE38,-0.31760544535086754,0.0016149876462103864,96
NR17,0.9068212187420902,4.877489934818346e-37,96
SS5,-0.547650297106628,7.720367707891588e-09,96
IG11,-0.5584950709859847,3.3639935105738113e-09,96
E15,-0.14069155435330613,0.17154893365357188,96
N15,-0.5324977028714566,2.3483193606909474e-08,96
TN32,0.7257369991200716,6.041317483399768e-17,96
ME12,0.6502436661771074,7.532039982434392e-13,96
CT2,0.9359009174449199,2.2278953153375148e-44,96
SO31,0.9196015864288212,6.417307208035954e-40,96
HP7,0.9169351646954437,2.793750010502949e-39,96
BS21,0.9360898312400342,1.9478435141901657e-44,96
TA21,0.956949937659976,2.7160089820985235e-52,96
TA14,0.3874879485348616,9.60399285118009e-05,96
BH22,0.9221774577280576,1.4752390136682913e-40,96
SK13,0.9596036327108448,1.4512323096716991e-53,96
CA17,0.5550502152102815,4.393973544356773e-09,96
WA15,0.9373766424208994,7.715315790248778e-45,96
S36,0.9631340312522529,2.1391214454314242e-55,96
S73,0.9390654993567535,2.2199373405187866e-45,96
HG3,0.9262611715646039,1.2884803507360636e-41,96
YO10,0.9187288105169584,1.0443880634166705e-39,96
HU7,-0.1829662839421882,0.07437371549062795,96
NG2,0.9695025383966712,3.330693992328912e-59,96
S43,0.9514133108616575,7.048683875163811e-50,96
SK22,0.9299844349943749,1.2308819479332642e-42,96
PE11,0.5604698957324578,2.8824173349319713e-09,96
ST8,0.9628064574796806,3.217678486493769e-55,96
WS7,0.8325103776904738,7.628943263582791e-26,96
CB21,0.7437048678217031,8.46080685943306e-13,66
NR26,0.9630511392457667,2.372760868839768e-55,96
IG6,0.7335818039100358,1.8917238047671912e-17,96
WD19,0.5922750575360394,2.0691862117965145e-10,96
TW3,-0.44017363609264615,7.201924594751266e-06,96
NW1,0.8979519862018717,2.83862124656571e-35,96
BN12,0.90324549853549,2.6314890921705756e-36,96
RH20,0.8792463198497441,4.958431626348344e-32,96
DA3,0.8901979137812203,7.38069809666113e-34,96
ME10,0.8801077076338801,3.615398058360423e-32,96
TN29,-0.6819166878658182,2.030773010743229e-14,96
PO37,0.845103287709573,2.6331435467601637e-27,96
BS34,0.8988255730806646,1.934639895053618e-35,96
PL2,0.9056329913302974,8.60352988594537e-37,96
GL56,0.7103960113188287,5.232907697606967e-16,96
BH31,0.9471649373087988,3.285123523740635e-48,96
BH4,0.9353278714204921,3.3402775216672654e-44,96
EX7,0.8937438757592049,1.7163686964674579e-34,96
BL9,0.9536311997979662,8.252925015774661e-51,96
FY5,0.9056860996748519,8.389382262903077e-37,96
WA9,0.9729918543492961,1.1939892847196316e-61,96
L69,-0.4672398314262972,1.5932771761693145e-06,96
CA10,0.8083022469926803,2.3934078798707666e-23,96
YO11,0.9613388956591399,1.917954586887542e-54,96
S10,0.9691870482043099,5.363826258234803e-59,96
LS20,0.9447035096075602,2.638016769135959e-47,96
DY3,0.6660291042426337,1.3140465165986938e-13,96
MK16,0.5316949461135055,2.4871038395383254e-08,96
MK14,-0.36645017131458874,0.0002406328754651956,96
NN1,0.967030209397291,1.2275725603869067e-57,96
PE10,0.9362299577498074,1.7626442335840957e-44,96
E11,0.7458864065581327,2.812377840992881e-18,96
DA7,0.9148073919145133,8.725360780592096e-39,96
BS26,0.9248285607163855,3.078286717248772e-41,96
BN21,0.9804630405727217,3.4747428655552483e-68,96
GU5,0.6030428222905188,7.936967914940749e-11,96
PO3,0.9084280640365452,2.236519086976883e-37,96
BH25,0.8751648993083745,2.145061086930274e-31,96
GU11,0.9127677476799007,2.5287606497598937e-38,96
WA6,0.9431661337248863,9.238008103428004e-47,96
M43,0.9247648069540145,3.198647460042465e-41,96
L20,0.981833103344728,1.1758782950842215e-69,96
NE49,0.8073663355062032,2.94001651736076e-23,96
YO25,0.9224790166650434,1.2378763146471952e-40,96
HU12,0.8836316530244765,9.676950274960835e-33,96
YO21,0.9618172018682878,1.0801862093446256e-54,96
HU5,0.9240583174571856,4.881776797506595e-41,96
LS25,0.9668805451345923,1.5135903570046935e-57,96
LS14,-0.47739520015725306,8.742802388635676e-07,96
B10,0.8547767374635675,1.607400097779112e-28,96
B90,0.05772556786329099,0.5764006613184496,96
B27,0.8474863672779057,1.3463459849513317e-27,96
IG10,0.948279779703937,1.2371675582093154e-48,96
EN7,0.6280408200003951,7.431681388568358e-12,96
NG33,0.9271661138784739,7.365491101824931e-42,96
ST13,0.7077356127107133,7.502193209170123e-16,96
ST11,0.8752870213783127,2.0546222333238023e-31,96
WC1B,0.8189098788298487,2.1427391278401714e-24,96
RM1,0.9459697770648221,9.144034796994808e-48,96
GL3,0.9633292307245678,1.6742268148201704e-55,96
TQ2,0.9756269607167705,1.0176454578447286e-63,96
ME8,0.942493887464463,1.5806583711916088e-46,96
SO20,0.9484729816527867,1.0422562627573074e-48,96
BL6,0.05384469317580808,0.602342086354334,96
M38,0.47222373111364047,1.1896637517394917e-06,96
PR3,0.9505251342576926,1.61799010784018e-49,96
NE34,0.6624660451988783,1.9667628539129413e-13,96
S75,0.5813835978664623,5.265197969339703e-10,96
YO42,0.9411238061070183,4.630861335295889e-46,96
LS4,0.8903743521653154,6.872158220132206e-34,96
B33,0.9665318082276675,2.4566786492172572e-57,96
DE1,0.9671695848183152,1.0091621748067803e-57,96
CB25,0.9236372768568688,6.268446019379181e-41,96
CO13,0.42827249743188656,1.3435699709671875e-05,96
SS4,0.6735985353349597,5.476336731688803e-14,96
NN17,0.9442174195152871,3.935878876071383e-47,96
MK3,0.7995143535564461,1.5815809132835653e-22,96
DE14,0.9737207122224254,3.355878069001492e-62,96
N11,-0.7071965599581936,8.066309668763733e-16,96
GL55,0.9102564186332641,9.048868051679333e-38,96
PL9,0.9343792518236828,6.477901671792866e-44,96
EX18,0.8649605848804814,6.742709700205207e-30,96
BN18,0.9433473405648478,7.983916046567288e-47,96
KT15,0.8224114608812731,9.329910969164267e-25,96
BH20,0.8538764942997871,2.102820568371496e-28,96
BH12,0.9092210198092281,1.5141155298820789e-37,96
OL6,0.8756939334480601,1.7793268961634753e-31,96
CH61,0.761401389308366,3.0656674129733392e-09,43
CH4,0.9187931613878069,1.0077393286612248e-39,96
M31,0.9252551977376201,2.379356746263696e-41,96
DL10,0.9775565158666855,2.203793613974107e-65,96
DL8,0.9531658024269162,1.305574081870176e-50,96
PE12,0.9365197250451471,1.4326047693657823e-44,96
SS16,0.7842719659735283,3.3825640624602503e-21,96
CM23,0.9007847421440568,8.083337691290162e-36,96
RM14,0.9448984992155275,2.244563737670841e-47,96
N4,0.7944747420671233,4.479770403718968e-22,96
SW19,0.9383329830954192,3.827140532104225e-45,96
DA6,0.71360595139521,3.3699813203722924e-16,96
GU23,0.9043599242947432,1.5673226485571573e-36,96
PO20,0.9622716378761095,6.217777279194485e-55,96
BN42,0.8843752460035107,7.287676079378665e-33,96
SO18,0.9568458288127467,3.035248365993686e-52,96
PO36,0.9182133568030484,1.3888856701844469e-39,96
SN6,0.4349622037211593,9.490525922021084e-06,96
GL4,0.9266674806533611,1.003262228089656e-41,96
TA10,0.8333350307776491,6.172803442466007e-26,96
TR14,0.9536754433249001,7.898868582959164e-51,96
NE26,0.968535713759512,1.4124817855251591e-58,96
YO8,0.9390184349539318,2.2994611994193087e-45,96
YO41,0.5219446865516251,4.936998213614918e-08,96
HU13,0.8199241013947397,1.6872737926965037e-24,96
HU3,0.8929410768557948,2.39869068501094e-34,96
NG7,0.9399783639088319,1.1154001518105739e-45,96
S45,0.937331918461771,7.970308461299144e-45,96
WR13,0.8951698808738322,9.408266629234083e-35,96
B32,0.8922153456136389,3.238858965536592e-34,96
B62,0.9280876854683598,4.1363671865444166e-42,96
B72,0.941133381353086,4.5966160469772605e-46,96
CM22,0.22613915945589394,0.026728415914494333,96
AL8,0.895498702908016,8.180290887184095e-35,96
RM2,0.9185453035939437,1.1561957664439759e-39,96
N5,0.6386083991019638,2.5582677534699993e-12,96
SM3,0.8994702894285117,1.4545844063874322e-35,96
CT6,0.9641373464717953,5.984266671588733e-56,96
SO32,0.8610264225017273,2.3649648025249272e-29,96
SO43,0.8951515358558568,9.481835438965084e-35,96
SP2,0.6213887241249384,1.4247150855446673e-11,96
L39,0.8200766444163778,1.6274953179712789e-24,96
HG2,0.9234139678938561,7.153133041250515e-41,96
S61,0.9558900830332222,8.313410520178338e-52,96
WV10,0.6220763233805732,1.3329760104569612e-11,96
PE14,0.9245132652932437,3.720018807680595e-41,96
CO16,-0.7276618460988431,4.560562955912475e-17,96
N16,0.8980544169002124,2.71432644890314e-35,96
SW5,0.35557741408405,0.00037765578161196326,96
ME13,0.8056204698268985,4.302252082817292e-23,96
TN19,0.9104728790849731,8.119210613712894e-38,96
GU22,0.7752395940209139,1.8524207577368428e-20,96
RH5,0.837955065826271,1.843776016022809e-26,96
OX49,0.6434202306754321,1.5527046442201099e-12,96
TS26,0.9451387221185302,1.8380706938672495e-47,96
M32,0.8595564872722075,3.742669450474617e-29,96
LA5,0.9031358838220086,2.7681469136826514e-36,96
L11,0.8688232721211174,1.891510254609985e-30,96
NE65,0.9598985340146863,1.0354308443856329e-53,96
HU16,0.9015906439749277,5.6154827541364355e-36,96
WR14,0.8613325831238151,2.1479051444783559e-29,96
B26,0.9622651110137291,6.267596260216365e-55,96
NG4,0.5994757032137339,1.0945305480907621e-10,96
NR7,0.9685764091073639,1.330361233480128e-58,96
N19,0.303696067708547,0.002629665792846032,96
UB7,0.7850343059291022,2.9194295825114915e-21,96
TA19,0.9649638660023997,2.0384559680371626e-56,96
PL20,0.6370086517625995,3.01440812003279e-12,96
ME14,0.9449260028813327,2.193901996446777e-47,96
TN5,0.9093825680215327,1.397828984923852e-37,96
OX15,0.7898029989672706,1.1463220947720576e-21,96
SO30,0.9641725874533819,5.718653489625175e-56,96
BH18,0.9587417000431522,3.8377975354482273e-53,96
NE71,0.9344954482781562,5.976292812961364e-44,96
LA22,0.7833433427841834,4.0438386652330685e-21,96
BD4,0.87549767744584,1.9072855404159896e-31,96
YO26,0.8957101839453556,7.47474551963457e-35,96
LS10,0.914502175770528,1.0248702288848857e-38,96
LE67,0.9784145825908463,3.5970886272434785e-66,96
NN11,0.9680543687050263,2.851681519731327e-58,96
B42,0.44490265199557527,5.584437408225611e-06,96
B28,0.9078805029391936,2.921872054741393e-37,96
SY2,0.7404194189743134,6.646882075788597e-18,96
NR16,0.8822408255613823,1.6362216152785035e-32,96
IP26,0.7781305186247782,1.0842887555531237e-20,96
CO14,0.953057598223729,1.4515209956068037e-50,96
E6,0.8401865198325266,1.0146522388581558e-26,96
DA1,0.7881387833300917,1.5928580242407513e-21,96
BN13,0.6835983348761903,7.74042282165028e-13,84
BN26,0.9677966332500997,4.135819242260079e-58,96
OX11,0.9455053534184508,1.352623556103822e-47,96
BA1,0.9658767197455796,6.01874849182817e-57,96
GL53,0.8215400086904711,1.1494230955009523e-24,96
DT6,0.9209518742992395,2.987836263557912e-40,96
DL12,0.9526948892545476,2.066823310488109e-50,96
DH4,0.7392013566132611,8.027370499068285e-18,96
BL7,0.9087190849848701,1.938992246489948e-37,96
OL9,0.46167672197305,2.1956426547885933e-06,96
B76,0.6677203789989806,1.0830226524554168e-13,96
CO10,0.9283020660385548,3.6128439706675346e-42,96
MK10,-0.3862066199662912,0.00010174857063738367,96
NN7,0.9269085076630094,8.642872682304976e-42,96
SG6,0.96000352699455,9.176056819355971e-54,96
PE23,0.6104122941811535,4.034327457584997e-11,96
LE2,0.9556833673806859,1.0307366512861134e-51,96
SE13,0.9454682340854541,1.3954139352687662e-47,96
SE12,0.8850219603468127,5.685853936749162e-33,96
TA8,0.9283449377100716,3.5162080112985064e-42,96
BS30,0.9461525423421695,7.830865505743657e-48,96
SO22,0.9200633501645433,4.948543999708502e-40,96
LA9,0.9830741841175866,4.347511977720381e-71,96
B30,0.9639612449079129,7.503160600048949e-56,96
DE74,0.915575211466549,5.8051105685296124e-39,96
IP19,0.89094177146225,5.457881482073974e-34,96
NR20,0.8975646818897837,3.360833419945391e-35,96
IP21,0.38415753095576133,0.00011153638928854135,96
CO3,0.9059469065796416,7.4110236462127024e-37,96
SS1,0.9143826098112674,1.0913770276908709e-38,96
LU7,0.8946179677542543,1.1885252094497815e-34,96
EN11,0.9342498831942776,7.084829385368475e-44,96
N1,0.8497690485930032,7.005053834588101e-28,96
HA1,0.9579136574165897,9.581231870486743e-53,96
BR3,0.9567069326505567,3.5188365601669906e-52,96
SP4,0.29982941176873656,0.002999074740005743,96
TR10,0.9377053852943835,6.070627502834156e-45,96
TR5,0.9182360521130324,1.371616103788328e-39,96
CT9,0.9558664939618525,8.520330366283807e-52,96
RG26,0.8048577841218176,5.0746224455260723e-23,96
SO52,0.8647601897593405,7.194607705131483e-30,96
M27,0.9706214499063858,5.897543864128373e-60,96
LA1,0.9216656436889454,1.983647739689719e-40,96
YO15,0.9134551473323772,1.7718967834268897e-38,96
YO13,0.5288854843626924,3.0370929075934434e-08,96
BD2,0.5879220946271987,3.0179749662591215e-10,96
WS3,0.9388927513007224,2.5257216091648535e-45,96
B9,0.9008498785868883,7.849725539684512e-36,96
CM9,0.8935989827482169,1.8236119389344614e-34,96
RM18,0.16971834590321921,0.09830510098172328,96
RM16,0.9567063457192155,3.5210318869514844e-52,96
SG11,0.47731296992880495,8.786075696304156e-07,96
SG4,0.9267975062166748,9.25780906082882e-42,96
HP23,0.6226768341434407,1.2575342669669337e-11,96
LE17,0.9305488206319625,8.525574551656414e-43,96
ST9,0.9370226685459236,9.973226607448911e-45,96
HA8,0.8547728537527302,1.609270445072218e-28,96
IG2,0.20920050872019733,0.04079761243041649,96
HA7,0.37499957701962744,0.00016691992960333294,96
SE1,-0.1393607460988813,0.17567816833411817,96
GL6,0.9124662144451131,2.9530105643956624e-38,96
BA9,0.8525573270698499,3.1072159456588285e-28,96
BA7,0.8852377978173819,5.2321041753508556e-33,96
DA2,-0.32748668923773416,0.0011260660209241212,96
TN9,0.955794528761242,9.183205096993818e-52,96
GU16,-0.12115580303255284,0.23964811859320737,96
KT17,0.9232965722033976,7.666000623209633e-41,96
BH11,0.702934068510525,1.4228914145859664e-15,96
SK9,0.9280104180237692,4.3426661805287026e-42,96
WA5,0.938607052334465,3.12404375773394e-45,96
OL5,0.9650256214715511,1.8789081526973887e-56,96
L26,0.18185949953772138,0.07617409149052978,96
L31,0.9684744570698489,1.5455212476773613e-58,96
WA7,0.9669556017656015,1.3628362319363053e-57,96
DN15,0.8475213143638817,1.3330537704843602e-27,96
BD15,0.9445865015486627,2.905681476723332e-47,96
CV5,0.9633475539258063,1.6360441791594988e-55,96
IP32,-0.4512015632523208,3.955957654879708e-06,96
SS11,0.6239081991428721,6.503798575724095e-11,89
SE24,0.11387214854030409,0.26929086061847,96
BS27,0.8992897656490557,1.57581438951185e-35,96
DA11,0.685205784456848,1.359480268360985e-14,96
CT20,0.9109018336930345,6.544278756220966e-38,96
OX3,0.9364573903945328,1.4980668917600044e-44,96
OX18,0.9145015960389633,1.0251829399662627e-38,96
TS27,0.720927079094913,1.2072888996336692e-16,96
BB2,0.9810869013703744,7.667429011587589e-69,96
L37,0.9367621777952482,1.2035468940049165e-44,96
NE1,0.9704346296200155,7.910558128442253e-60,96
S4,0.6482225841145676,9.349732125690466e-13,96
BD23,0.9517075326800878,5.334237333281945e-50,96
B15,0.5711930780125827,1.2235898274452057e-09,96
DE11,0.9681863042070428,2.354702192177276e-58,96
NR2,0.9654365534442992,1.0882874492153606e-56,96
LN8,0.8633314570043488,1.1391188922520043e-29,96
LE3,0.9507967674931486,1.2569573169396189e-49,96
LE6,0.2803423286908235,0.005666025578914375,96
SY4,0.8834176071508758,1.0496198124567236e-32,96
E16,0.4735826476434242,1.097701069093194e-06,96
E14,-0.6769037728823892,3.7066215864195235e-14,96
NW10,0.6342412981525167,3.994764336280987e-12,96
SE16,0.43939363134434267,7.507776508710235e-06,96
BA21,0.5277423573387392,3.292577367944554e-08,96
EX6,0.9471949321732613,3.200821467182874e-48,96
CT13,0.8963524476437329,5.676928640972466e-35,96
CT19,0.9287947756224489,2.6429222648126647e-42,96
BN41,0.842645378703392,5.198130279734906e-27,96
BN14,-0.20583567331890126,0.044225219278145295,96
GU6,0.8242563604479547,5.976223796809783e-25,96
TN34,-0.5267538000371502,3.529933023681751e-08,96
GU18,0.27827345134056963,0.006046633437619618,96
RG10,0.9688744197927507,8.559058241479514e-59,96
TS10,0.9448585516939496,2.3201894575062326e-47,96
M26,0.9012897080264558,6.436089452538334e-36,96
L18,0.8542697583407873,1.8703749000068155e-28,96
NE62,0.9558844494209903,8.362376555669542e-52,96
NE61,0.9307071714214242,7.686576585485177e-43,96
S74,0.9444508503891563,3.249314211201512e-47,96
WF17,0.9454068209344975,1.4691324131234667e-47,96
CV4,-0.3007128665222279,0.002910792110853256,96
RM4,0.5558325732423551,4.136451016010975e-09,96
AL1,0.7463693924979334,2.6038476813649433e-18,96
WD4,0.892150016695376,3.3272564315253748e-34,96
PE20,0.5270351406708141,3.460770362652957e-08,96
EX33,0.9319432838155277,3.394856648595668e-43,96
CR6,0.8304483502790584,1.2891155528761094e-25,96
SL1,0.03701945252183121,0.7202786032249446,96
TS28,0.7668547711658631,8.380708435074746e-20,96
M9,0.9345587114527062,5.719364079453229e-44,96
SR3,0.9583659738456283,5.826067492965053e-53,96
CV10,0.9368603118623796,1.1213794696335414e-44,96
WV14,0.9626657895145803,3.829965250493702e-55,96
NG8,0.9629571853864201,2.667816478604791e-55,96
NG11,0.9750165325691627,3.2097908766070076e-63,96
NG9,0.9750403560359368,3.0707126872698015e-63,96
DE24,0.9410172767045072,5.0290847449160295e-46,96
CM5,0.8313041370428419,1.0377960323174472e-25,96
WV7,0.8601082061278966,3.152258436650154e-29,96
TF12,0.230613706213487,0.023789838705032137,96
SW15,0.9362240400215677,1.7701050803387598e-44,96
SN8,0.8407162483214878,8.793375122947622e-27,96
BS25,0.9269717033173599,8.310797909136672e-42,96
DT9,0.911733685762375,4.2942918500809923e-38,96
BA10,0.9303115998100846,9.952319444731313e-43,96
EX8,0.9651923846694105,1.506623757786536e-56,96
RH13,0.7199612041199462,1.3849540592472508e-16,96
KT16,0.8568618556164175,8.567051694316474e-29,96
BL4,0.9749047057965016,3.9493885372936786e-63,96
DN1,0.9511455663594345,9.069858047268016e-50,96
LS29,0.2823898859441299,0.00531042799873637,96
WF11,0.9459301813170727,9.455696359883134e-48,96
CV36,0.8360871464910742,3.0188318114370915e-26,96
WR10,0.9806731667369958,2.1002562243579563e-68,96
B17,0.933219387218079,1.4366524199026747e-43,96
IP12,0.9501721069615214,2.241661626321942e-49,96
NR6,0.8747447923472167,2.4868272500989502e-31,96
NG32,0.8765668253178289,1.3046424159444943e-31,96
N9,0.19398794065208058,0.05824892140354695,96
DA14,0.03381829282644704,0.7435897514558438,96
BR1,0.9437701565781228,5.669637925938022e-47,96
TW2,0.38256280918006236,0.00011975087819549867,96
BS16,0.9311444055043627,5.767002609107682e-43,96
TR2,0.9016410683557613,5.48836629137086e-36,96
TQ7,0.9151868704495701,7.13719839078101e-39,96
TN37,0.7878047957865673,1.7009638800941466e-21,96
RG31,0.7221581635954581,1.0126340017055845e-16,96
HP19,-0.3500049191721954,0.0004728813604028813,96
PO16,0.9439389573209476,4.941786000393141e-47,96
OX16,0.7801637311109949,7.403882089794869e-21,96
SR7,0.673575762132276,5.490988496706751e-14,96
SR8,0.8046894607497461,5.262438205000572e-23,96
M3,-0.54047150846356,1.3167350900346843e-08,96
L4,0.9653822937165462,1.170098842123806e-56,96
YO22,0.530181040812614,2.770420128215262e-08,96
LS19,0.9587072274648638,3.9882804016923463e-53,96
WF4,0.9681456087211782,2.4981904614798346e-58,96
B49,0.8321654687977831,8.332732257951843e-26,96
B29,0.9327708297201018,1.947441570498933e-43,96
DY4,0.9572698849625082,1.9269003786958167e-52,96
WS1,0.7677260951071924,7.185232140820843e-20,96
DE55,0.8916192175503911,4.1383248166169604e-34,96
MK41,0.7087571284920726,6.536191583318441e-16,96
ST14,0.9358442193511493,2.3193683128489266e-44,96
N7,0.6012927823528558,9.297043731380383e-11,96
E12,0.02715131622168666,0.7928657926229741,96
W8,0.23072409746220998,0.02372097484429648,96
GU7,0.9718622724292437,7.982412362763474e-61,96
HP14,0.9397469421685959,1.3293807575213784e-45,96
M25,0.9649914712960579,1.9655628253276225e-56,96
NE25,0.9495338644031348,4.017607940896194e-49,96
CA1,0.8758567131833479,1.6795832841225544e-31,96
DN32,0.960969108984558,2.9748205443429263e-54,96
S20,0.955883300544252,8.372396884680141e-52,96
B97,0.9480795189059519,1.4767330520195596e-48,96
B11,0.9195805417397859,6.493531504292817e-40,96
IP27,0.8354224332663721,3.5924580187686924e-26,96
WD18,0.7512632515781635,1.1811324618633688e-18,96
TF1,0.9002014421581793,1.0501532698029368e-35,96
SE14,0.9066392653630808,5.322964113193972e-37,96
SM4,0.3990626255066037,5.6389896648398133e-05,96
BS8,0.8828514755458762,1.3003131236479866e-32,96
PL3,0.9303327197718958,9.816371944952146e-43,96
TA1,0.9649954558057637,1.9552543127989911e-56,96
BN43,0.8721673963030832,6.0892786806238314e-31,96
BN17,0.8993793880438985,1.5144445793752793e-35,96
RH15,0.93956617954278,1.523960641294621e-45,96
RG9,0.6362819353795326,3.2466440953008527e-12,96
RG29,0.6915528559592912,6.1731604159485234e-15,96
RG22,0.7711873033227095,3.8728156311837666e-20,96
SO15,0.9204296120215937,4.022185799952312e-40,96
CW11,0.9546108145351067,3.09422356880344e-51,96
HG5,0.9284113080705314,3.371565457180012e-42,96
B64,0.9443751110008367,3.4581397596116755e-47,96
CB22,-0.40222330746114415,4.859067702751765e-05,96
NR29,0.4070837276855569,3.853530221218071e-05,96
AL9,0.8328833623776545,6.933039269095483e-26,96
NG31,0.5622431124108224,2.5068800669793064e-09,96
TN24,0.8441824896919148,3.401936755963804e-27,96
GU25,0.220213712724109,0.03108983232299843,96
KT21,0.3982703376985434,5.852005794353521e-05,96
RG17,0.9123159293949384,3.1896669844324744e-38,96
SK12,0.7962641420223416,3.1057082268361773e-22,96
NE16,0.911002967490015,6.218888133127787e-38,96
OL4,0.9269147945376608,8.609264741528032e-42,96
L14,0.9529800764405177,1.5657716258485546e-50,96
DN8,0.9700110217587777,1.5289248204622723e-59,96
HX4,0.9404475263765977,7.797901004062676e-46,96
NR3,0.9670404949004421,1.209986607308086e-57,96
MK46,0.8943605645850629,1.3248094194032828e-34,96
WD24,0.3629413851403135,0.00027879369326218084,96
TF11,0.7326498319695186,2.1761665707105337e-17,96
SE17,0.7867072280907886,2.108884210504822e-21,96
BA2,0.9545949355553249,3.144362207423622e-51,96
TR9,0.938477348326328,3.4394445901007795e-45,96
TN6,0.7718139246864119,3.458836836385598e-20,96
GU35,0.586504418419228,3.4086088109655285e-10,96
BH8,0.9534222806730583,1.014562746190939e-50,96
DT4,0.26832113620487075,0.008212200328032356,96
BH1,-0.6609756789126555,2.324387712773508e-13,96
CH64,0.9589177680622893,3.151706520166412e-53,96
CH1,-0.420375080785707,2.006410045325311e-05,96
S62,0.9632588836547141,1.8290825109609372e-55,96
LS2,-0.44248567273714884,7.990831531458576e-06,94
DE7,0.9761563217511425,3.66962864562159e-64,96
SK17,0.9712650119488966,2.1132251492417684e-60,96
CB3,0.8867470222924191,2.9112240602566126e-33,96
NR15,0.8484439489951185,1.024929810915437e-27,96
EN9,0.9371464616497266,9.11846107245187e-45,96
WD23,-0.6886218814785188,8.91090692131375e-15,96
HA6,0.9126425639428092,2.6971255386290016e-38,96
BA15,0.8938740352699128,1.625297390044255e-34,96
PR4,0.9592406325845644,2.1913757842483427e-53,96
LA10,0.9554252498061934,1.346200998930641e-51,96
S60,0.9013229518121317,6.339979724912577e-36,96
S6,0.9734602106857836,5.30356578740346e-62,96
BD6,0.5738209749484937,9.871705759551256e-10,96
BD1,-0.0030734474140291486,0.9762910752253039,96
WS4,-0.16378909829495,0.11080947229509067,96
NN3,0.9846512795348531,4.543041965071646e-73,96
GL15,0.9336385531193868,1.0791021850237504e-43,96
TR1,0.9146835700913319,9.314648483692641e-39,96
EX9,0.9379190619227477,5.1910205249808095e-45,96
EX17,0.132943095828062,0.1966177367660055,96
BH10,0.9235590170025635,6.565587525808794e-41,96
PR25,0.957120959406553,2.2614605913849445e-52,96
HX3,0.4933950603616058,3.2629520429192495e-07,96
S7,0.907094337438367,4.276365171254945e-37,96
B63,0.9681963703066764,2.3204727921162545e-58,96
CV8,-0.16294000192013253,0.11269704564392756,96
BR4,0.9608193592545127,3.549215195077261e-54,96
SE5,0.8801090664802638,3.6135899807574966e-32,96
RH11,0.8526363624816263,3.035698174090943e-28,96
CT17,0.7095875403541169,8.496063020027039e-14,82
MK11,0.7426395062560782,4.699600117131033e-18,96
OX2,0.7781342415842957,1.0835355630532006e-20,96
SN1,0.9645473293655359,3.518826041721114e-56,96
SN25,0.46626241318846584,1.6863133405205972e-06,96
DT3,0.6678672211254005,1.064929746205227e-13,96
PL11,-0.08037116321503832,0.4363224722106471,96
TR26,0.9540501597815925,5.439153097206936e-51,96
WN2,0.892307275004437,3.1183397491073404e-34,96
L34,0.9048085766413047,1.2699261980028878e-36,96
LA11,0.9258525736606902,1.6547311720358633e-41,96
YO61,0.9032109290277119,2.6738601385431736e-36,96
YO18,0.8952043116898497,9.271690535641048e-35,96
WF3,0.8738524571226323,3.39828895852219e-31,96
NG13,-0.28930608591336826,0.004251375598577693,96
CV34,0.9262183340355252,1.3228115894445324e-41,96
B4,-0.5241850006998234,4.2254377279279104e-08,96
WS10,0.9410835100971372,4.777730878729768e-46,96
IP15,0.8283637656868881,2.1752994330755854e-25,96
CM12,0.876814814693272,1.1940390737527705e-31,96
W13,0.5579478901661188,3.5105019351211553e-09,96
WC2H,-0.04226514126719915,0.6826348891856611,96
CR4,0.9252055957243587,2.45187070973774e-41,96
GU26,0.7854049460437195,2.7171488701366312e-21,96
CT21,0.9530311046875831,1.4896186206193218e-50,96
OX14,0.8979279009470555,2.8686448283638746e-35,96
NE27,0.8649380073179702,6.792205169257184e-30,96
L9,0.9678607403201251,3.771587154219778e-58,96
CH62,0.9863910281901137,1.655309458752727e-75,96
DN18,0.8850891237420012,5.540691755966269e-33,96
DE3,0.9511674846553488,8.885058325368932e-50,96
LE19,0.8926631089941889,2.691764266982823e-34,96
WV4,0.8724560913749752,5.513449869037861e-31,96
LU5,0.0206818429696446,0.8414753076781374,96
SW13,0.9115666109451858,4.6750389074328466e-38,96
SM2,0.5998853665445815,1.055081529220769e-10,96
BN1,0.8575691806836678,6.904633442532468e-29,96
TN2,0.9776210259989562,1.927763465563986e-65,96
SO16,0.7494913049775361,1.575862381636525e-18,96
GL50,0.9731480351958164,9.123661900073191e-62,96
BS5,0.8544347153934686,1.7805123244571656e-28,96
TR11,0.9275794829650561,5.691320750246975e-42,96
EX1,0.9650127679544365,1.9110758097924868e-56,96
NE38,0.028962308335398958,0.7793908091278052,96
TQ4,0.9059554860411209,7.380810103373711e-37,96
CH49,0.266323018266349,0.00872131707878155,96
BD12,0.9368929418535452,1.095293049225699e-44,96
HD3,0.6707951528801314,7.595677981083243e-14,96
DN12,0.924214317877781,4.448236601365379e-41,96
CV35,0.9354377064628239,3.0916869135864237e-44,96
CB6,0.7314965554206058,2.585959262204705e-17,96
MK17,0.8029735754400996,7.606971449403655e-23,96
IP1,0.13913155543794864,0.1763966024618911,96
KT5,0.513446238958405,8.820251451094737e-08,96
SE9,0.6608495126003019,2.357393013382362e-13,96
KT10,0.7275847476594448,4.61242757088134e-17,96
RH19,0.9573238561270326,1.8180267819693574e-52,96
TN8,0.9072095745904054,4.045018003683941e-37,96
MK18,0.9592170321506042,2.250592369626941e-53,96
HP9,0.8266253396729353,3.347261420714364e-25,96
TR7,0.886754636991781,2.902564765847003e-33,96
CW10,0.7651710927857943,1.1262077726402579e-19,96
DL4,0.8920662276982837,3.4440858672483624e-34,96
BB7,0.9304385573096584,9.16197176560505e-43,96
BB8,0.0306910748383156,0.7665881505318635,96
WN8,0.9621334925173315,7.35973394342231e-55,96
L30,0.9641232950423086,6.09350461076257e-56,96
DN17,0.4343709106809894,9.78956370409129e-06,96
OL14,0.9275714277681427,5.720074531338612e-42,96
S44,0.948934121210842,6.9040035249478e-49,96
PE8,0.9539125187647255,6.240310313725382e-51,96
E1,-0.0235016430868634,0.8202036022345802,96
CT18,0.8957753997663526,7.269417513645817e-35,96
TN39,0.9617056778783662,1.2357177915614552e-54,96
GU9,0.9565644989330752,4.092803677778807e-52,96
L38,0.6117021600968733,3.57726754495518e-11,96
YO7,0.9652695590023368,1.3597707829806848e-56,96
DN16,0.9648869356142156,2.2558284748569686e-56,96
LS7,0.8548658404079448,1.5650666789410036e-28,96
B45,0.9310905002466874,5.975559330283824e-43,96
B67,0.5018213699938471,1.9023081656106335e-07,96
WS2,0.880411855321156,3.2319485405943873e-32,96
SK23,0.9437571233167952,5.730004173647977e-47,96
IP28,0.9517278806300434,5.232072599055461e-50,96
NN14,0.9199548281328246,5.26097254449894e-40,96
SG14,0.9155647511549891,5.837578893662364e-39,96
EN10,0.37726545174646736,0.00015124005712098489,96
LU2,0.9381142631289683,4.497159773532582e-45,96
NW2,0.07981795432905525,0.43949690646716455,96
IG8,0.8074028623979191,2.9165701406488e-23,96
SE23,0.9205793683263229,3.694301533945137e-40,96
TW11,0.9109222504552882,6.47727735402868e-38,96
SL2,0.9388528854261983,2.6019321669552027e-45,96
RG41,0.15005037255091977,0.14450899101356637,96
M22,0.9747316661002788,5.433498510773364e-63,96
L36,0.9700724704086926,1.3903632951940236e-59,96
NE15,0.9411006661292614,4.714652847326644e-46,96
BD3,0.9058390249735274,7.801404111062804e-37,96
DE22,0.9522130020611885,3.291238638262726e-50,96
NR12,0.8625049174005338,1.4824892614427184e-29,96
OX4,0.948689601260728,8.59319152283882e-49,96
TW10,0.7425951047974713,4.7324618024385925e-18,96
DA12,0.9096224151858966,1.2411044772515338e-37,96
ME15,0.9589454551269558,3.055349976674539e-53,96
BN24,0.9150566196360653,7.647562310824627e-39,96
BN6,0.9151484739729583,7.284085578346723e-39,96
SL4,0.934194730418177,7.360158473542966e-44,96
GU32,0.34000861423127404,0.0007006591846620712,96
SK6,0.9609935092909578,2.890276867454525e-54,96
DN38,0.8252036711289426,4.7447817929384365e-25,96
WF13,0.5366550121026096,1.740086439257314e-08,96
WF5,0.948703514239681,8.487084290318381e-49,96
DY1,0.7929095620583284,6.153624019919004e-22,96
B66,0.9318076999549679,3.715993683079308e-43,96
N14,0.920616403388273,3.617331603334437e-40,96
UB5,0.18618942523418283,0.06932491321026238,96
HA5,0.9536890083488436,7.79332143964462e-51,96
W1T,0.3560201583725423,0.00037090306852048487,96
EX14,0.9497938046431712,3.1707654497379214e-49,96
TQ1,0.9749862655288385,3.39539839247503e-63,96
M14,0.9345402018129917,5.793398216898826e-44,96
M34,0.9569611326893634,2.683701949043647e-52,96
FY1,0.9602007596310363,7.306643137118316e-54,96
NE37,0.8718940020701885,6.688447633860752e-31,96
S70,0.9330538966884115,1.6076813215087686e-43,96
S41,0.956245718708235,5.729216330877244e-52,96
WC1E,0.42399652385571734,1.6714663903349132e-05,96
BS1,-0.6890246641330285,8.47473126982569e-15,96
BA4,0.9289117873107289,2.453007306343109e-42,96
SN13,0.7755873079365089,1.7375873002842972e-20,96
PL12,0.9482751611960165,1.2422381299304865e-48,96
PO19,0.9568396314890681,3.05536747118716e-52,96
KT24,0.787932445183576,1.6588289728682014e-21,96
NE6,0.9626288659793815,4.008708185413123e-55,96
NE13,0.8240021977884159,6.356400518746745e-25,96
FY6,0.9560796949233711,6.81933180694384e-52,96
CH47,0.8312225781160507,1.0595229064727667e-25,96
HD9,0.8137355678636344,7.088304190717764e-24,96
S1,-0.40626686287030656,4.007661577343058e-05,96
DN31,0.797369662351169,2.4721500258427667e-22,96
DE5,0.9534025635945396,1.0344761479646625e-50,96
RG6,0.9170789942922809,2.5839144240547717e-39,96
BA6,0.9205282295365353,3.803218570887537e-40,96
EX22,0.6959665484874271,3.522551912367429e-15,96
L15,0.3428426088043359,0.000627579206423888,96
B20,0.9018367043247563,5.021245677439778e-36,96
SS15,0.9361318265076153,1.89043081650647e-44,96
DY7,0.6031219614597269,7.880223003786941e-11,96
RM12,0.9426670376416477,1.3772950270048848e-46,96
TN16,0.8532534792571177,2.5298388687114208e-28,96
GL8,0.7263884465023055,5.49438802771133e-17,96
CT3,0.6149583213119076,2.6343340350629033e-11,96
BN44,0.6180575025813867,1.9623367021670227e-11,96
DL13,0.8141908054591479,6.3897094688201945e-24,96
SR2,0.8510346793950966,4.853502256123656e-28,96
LA18,0.35756244042516266,0.000780700159414304,85
HR5,0.9145694223087875,9.892222006350772e-39,96
DE21,0.945885177953188,9.822538506173912e-48,96
AL7,0.6401174740366214,2.189507625103389e-12,96
N10,0.851845572283195,3.829815541473405e-28,96
EC1A,0.7508352411464202,1.2666051095998588e-18,96
TN12,0.901314450902931,6.364422150321056e-36,96
FY3,0.9147438246070112,9.023188025576826e-39,96
L13,0.9685597724297955,1.3633526570922555e-58,96
CA22,0.5834647460041378,4.4163595984573023e-10,96
DE72,0.8577542805314652,6.524381588001068e-29,96
SG1,0.7763055712722654,1.5218708664845647e-20,96
SE20,0.7734157219111328,2.5865133476408915e-20,96
SE19,0.6077487106982349,5.162530949222541e-11,96
PL1,0.9393232365598158,1.8298577704695438e-45,96
EX35,0.7340280747195167,1.7686309963966103e-17,96
TN20,0.8616049780027226,1.97120840273395e-29,96
HP17,0.8876143556697206,2.070714118330124e-33,96
RG25,0.9448467029604346,6.7778579177336695e-46,93
RG21,0.9111824035202198,5.680020414978458e-38,96
M41,0.9692550817849209,4.842078829956635e-59,96
HU15,0.5109217253313285,1.044791367209582e-07,96
AL6,0.0756012115356928,0.4641179729843873,96
LE1,0.7464481625333855,2.571294137194723e-18,96
E20,-0.7818241738327745,1.8452233892850017e-12,55
UB6,0.7231623864411163,8.76721222721749e-17,96
TW13,-0.2520356915703636,0.013241160280424873,96
GL18,0.8677497077305729,2.7038009902890377e-30,96
TN15,0.9393164540018404,1.8392067561892332e-45,96
HP11,0.9206435338041923,3.561942914210111e-40,96
M5,0.8773382710827679,9.89775489267499e-32,96
LS15,0.7729433867743354,2.8186415423538746e-20,96
BD19,0.8855088688240663,4.712065888094782e-33,96
B93,0.9645365547057051,3.56856118933849e-56,96
WD25,0.5794246738279225,6.205717183417646e-10,96
HA0,-0.7108251915573192,4.935605135112574e-16,96
SW16,0.821694911038584,1.1076719932173445e-24,96
BS39,0.9086894903352847,1.967388506536994e-37,96
GL51,0.7127225925870997,1.60588279967545e-15,92
ME2,0.3063179787991501,0.00240301305417303,96
BN2,0.9482533513800844,1.2664585127699802e-48,96
BN10,0.9629504028514465,2.6904534129522626e-55,96
M12,-0.27349992661950007,0.00701248144897224,96
S63,0.8237364817602908,6.779025807724242e-25,96
B6,0.8015084932305523,1.038979414379217e-22,96
B21,0.6914984545423598,6.215607842766925e-15,96
CB10,0.7723064405702753,3.1639607873641254e-20,96
SS9,0.9629438715623636,2.71242928531155e-55,96
E18,0.6722579077392031,6.406579603482453e-14,96
TA2,0.8126825013591451,9.001365120829866e-24,96
TN17,0.909047747259002,1.6493419411283318e-37,96
SO21,0.9191005922248352,8.492886629137202e-40,96
PR8,0.9793609560789293,4.468593636613626e-67,96
B73,0.4833242229236622,1.0604413813357869e-06,92
CB23,0.872110177398872,6.210179888028166e-31,96
EC1V,0.7073405019429584,7.911777110957619e-16,96
W6,0.7494599199196877,1.5838964555259027e-18,96
SP11,0.6725614563603092,6.183433471413322e-14,96
BS22,0.9060985579394678,6.894340640221563e-37,96
PL7,0.3531430588130568,0.00041684736530766647,96
OX10,0.9538207976968043,6.83708659562871e-51,96
HP20,0.8853219571458739,5.0649262488484405e-33,96
TS12,0.9277982019973242,4.9623740731825806e-42,96
CA4,0.7432134241294535,4.294269772908413e-18,96
S65,0.7796633161774857,8.13581427185577e-21,96
LS26,0.6678649435105787,1.0652081350907443e-13,96
ST20,0.7398865911586765,7.219790186282392e-18,96
DY10,0.9083990952629833,2.2684673532180166e-37,96
B61,0.9265798059071363,1.0590465628705966e-41,96
IP6,0.928046014299274,4.2464070324991615e-42,96
N22,0.3708951558900101,0.00019921264304421926,96
IG1,0.1504188287228472,0.14351434915587244,96
KT7,0.8830569846385935,1.2032009617953292e-32,96
OX9,0.7804509211093978,7.013173833881522e-21,96
SN15,0.9591014529023062,2.563948587569003e-53,96
BH19,0.8986010558826708,2.135689777556563e-35,96
M24,0.9215096464426281,2.170138787808093e-40,96
NE70,0.9193975597929632,7.194666103064492e-40,96
SG8,0.9420294771919677,2.2821657234834134e-46,96
CM1,0.8965802575466442,5.146887743266725e-35,96
NN15,0.96062073558398,4.4809224908070814e-54,96
MK43,0.736284124108826,1.2560753982208266e-17,96
SG18,0.9242821994268083,4.271551604844132e-41,96
SW9,0.46684143257261596,1.6305972392565895e-06,96
SN10,0.8844069445567813,7.199802550710675e-33,96
OX33,0.9409095419180442,5.4658000691044694e-46,96
TS4,0.9501011444213541,7.711501760519086e-49,95
SK15,0.9742092361150182,1.4048294289961109e-62,96
S8,0.702075420510038,1.5933109765005798e-15,96
WR11,0.7278751460938652,4.420004523579552e-17,96
CM20,0.9622442515063614,6.429446622991949e-55,96
N13,0.3544229963459648,0.0003957981295158429,96
HA3,0.9528276293284303,1.8166646398416252e-50,96
NW8,0.7397512084253244,7.372824867709155e-18,96
W2,0.924486134969334,3.7809821156738656e-41,96
SE15,0.32548817467755303,0.0012124385379263818,96
E4,0.9437358627983938,5.829827540838137e-47,96
TN40,0.9182694124537344,1.3466113583049902e-39,96
MK5,-0.4659102281564944,1.7210776263155698e-06,96
TR13,0.9267824519598472,9.344432537264555e-42,96
TQ5,0.9749996609641062,3.3119929513884396e-63,96
WA16,0.8949744129565916,1.0221660238928587e-34,96
LA3,-0.3136500724181363,0.010952331407900643,65
WF16,0.5025638594988759,1.8127148981123052e-07,96
WF1,0.9694312186352931,3.711121212718284e-59,96
B1,-0.3480514244671321,0.0005111701911952699,96
CM4,0.8562136285017964,1.042927127478296e-28,96
WS15,0.973452888391033,5.37187927794376e-62,96
E17,0.9083818283775025,2.287721709890865e-37,96
KT2,0.79996608744014,1.4385780270394716e-22,96
PO22,0.9585582900513591,4.7074938952848945e-53,96
BL1,0.965067027498182,1.7788430178716736e-56,96
DN33,0.09685537194513633,0.34785232857047566,96
CV12,0.9667829855691293,1.7341124111022993e-57,96
IP14,0.9300618907653281,1.1705955290242009e-42,96
HA4,0.9519455769518832,4.2519911283954925e-50,96
BS13,0.9409610241635593,5.2526745083648e-46,96
PL26,0.9462914046378431,6.95821206195605e-48,96
TQ9,0.9115228230395908,4.780160138301385e-38,96
CT16,0.9632857650252903,1.7683217532205517e-55,96
TN13,0.9676577013967419,5.0472258800550095e-58,96
RG5,0.8709465193057384,9.244056763899284e-31,96
WA11,0.9624444676067354,5.0308026123427834e-55,96
S14,0.9102445847710189,9.102584125391154e-38,96
WR9,0.9630348086780371,2.421647616691796e-55,96
B16,0.9109247360516785,6.469166295215672e-38,96
NN2,0.9792660015553614,5.53256712761802e-67,96
SG13,0.7087883815093932,6.508624450145036e-16,96
LN4,0.9367055983715625,1.2535648501083884e-44,96
PO33,0.9585585709778187,4.706024674457005e-53,96
GU30,0.8482092292969341,1.0959904866129011e-27,96
DL5,0.6614237317589452,2.2107459736526205e-13,96
SK14,0.9812700298146567,4.873645611137545e-69,96
BB11,0.5684277639771317,1.5306448635125087e-09,96
BD14,0.0484310775046063,0.6393664532945998,96
HD5,0.8388792428275204,1.4413122751560878e-26,96
CV6,0.976841348490928,9.470638202121844e-65,96
PE13,0.9108068788474499,6.864890480657786e-38,96
CO11,0.785986606172645,2.4268884879506786e-21,96
PE22,0.701308744548085,1.762056415470636e-15,96
N2,0.8694062644168253,1.5558682636645903e-30,96
WC1N,0.7904590099036367,1.006084054379235e-21,96
TN3,-0.3378987122983924,0.0007600314212661534,96
PO10,0.9401874044213675,9.5131042358572e-46,96
KT20,0.8843422530266035,7.380249448779417e-33,96
HP15,0.26209899442185774,0.009889767626651034,96
L35,0.9755727004369831,1.1283678312845425e-63,96
L27,0.9456683971961897,1.1793756393442172e-47,96
SE7,0.8607754636011598,2.558713083243889e-29,96
SL7,0.7328628454498997,2.1077062787285057e-17,96
OL12,0.9275174572182169,5.916422200864486e-42,96
LA14,0.9430065519933254,1.0500429873017187e-46,96
NE7,0.9451897776071433,1.7614501625457933e-47,96
NR33,0.9585488187095911,4.757291510958582e-53,96
CB8,0.8852006474749321,5.307603351525963e-33,96
SY12,0.6822106625296344,1.9596388139474978e-14,96
GL16,0.9538402068503491,6.706320398994929e-51,96
TA5,0.9260654737866859,1.4527583531387584e-41,96
OX20,0.6749531997288818,4.669593777109919e-14,96
PO8,0.8976158990477341,3.286740336889575e-35,96
SO41,0.2897528420177042,0.004189945699140278,96
LA6,0.9551754914509324,1.7404624859759346e-51,96
M16,0.9507211581901096,1.3486690599376093e-49,96
M19,0.9234024957333055,7.201735585247743e-41,96
HU9,0.9321414280018253,2.9737866929116844e-43,96
WR7,0.23478445590019384,0.0213036243045914,96
CV47,0.9411872438847766,4.408543168164733e-46,96
RM10,0.7143661415062945,3.033779526268082e-16,96
RM8,0.041468700096127804,0.688303199713963,96
W4,0.9240619662100191,4.871180331949547e-41,96
DL16,0.8169060894144069,3.420752306738237e-24,96
HD1,0.6593345480808142,2.790820722196185e-13,96
LE8,0.966968495146896,1.338461516309781e-57,96
LE65,0.8990453583318739,1.7557774418745102e-35,96
SY10,0.4194204099069932,2.1046461083133488e-05,96
CR9,-0.2399784886676269,0.02121701548443165,92
NW3,0.940022246725752,1.0788069139439213e-45,96
CT15,0.36965263880315685,0.0005832289490759107,83
BS10,0.6675777967133083,1.1008747802362614e-13,96
TA3,0.7679493748299305,6.906626651658365e-20,96
PL10,0.7386187141040291,2.916904610685088e-13,70
EX13,0.9350163122454885,4.1565773046908925e-44,96
LA12,0.8871562362465748,2.479819016329488e-33,96
YO43,0.9341974526403866,7.346326842702346e-44,96
S5,0.9796254722517254,2.4518200355548606e-67,96
WF2,0.9681526071760606,2.4729199291651958e-58,96
B94,0.5610356705004297,2.757100870103049e-09,96
NG5,0.9708995338402959,3.795773932847926e-60,96
PE16,0.7358878385710409,1.3342322567649057e-17,96
IP11,-0.03406890424973012,0.7417560907287879,96
PE29,0.1290552320134979,0.21014682845425794,96
HP3,0.10570296830364334,0.30537197799474763,96
BR7,0.9242837389482274,4.2676250629192457e-41,96
TA24,0.9074599743614943,3.583657195316737e-37,96
TN11,0.9339334079598578,8.813445892123132e-44,96
BN23,-0.6770506319301426,3.642466666628809e-14,96
HP21,0.6865078278269007,1.601023294494339e-14,95
PO15,0.02515625159094775,0.807781023950987,96
DT2,0.9399775499218292,1.116090255971856e-45,96
OL1,0.8724289608670455,5.565219019866059e-31,96
M33,0.9860755030139864,4.826364001474319e-75,96
SY1,0.9325940250216584,2.1942582687167205e-43,96
E9,0.7913546595838278,8.412640875311195e-22,96
TW14,0.8004788713665606,1.2914735274171845e-22,96
HP16,0.8672450580849779,3.1948119244030355e-30,96
L24,0.9066904520714116,5.193778037145658e-37,96
PE5,0.1569744307571965,0.12666970868596045,96
SE25,0.8661267787934523,4.613005593778431e-30,96
EX11,0.8779076676996135,8.062688762071313e-32,96
RG30,0.8431397819118261,4.537758974780292e-27,96
SN7,0.924132411985016,4.670946525326934e-41,96
GU34,0.9480995147144841,1.4509082910194253e-48,96
YO24,-0.5046697912695136,1.5799162787593162e-07,96
DN5,0.9403916915298483,8.138496851468158e-46,96
HR8,0.9025913030578433,3.556632893323572e-36,96
B71,0.8782057828540294,7.238949385740719e-32,96
CB24,0.6954410268379779,3.767884141898365e-15,96
CB5,0.001987808638575616,0.9846645249837308,96
MK45,0.9665383638523863,2.4345288701940367e-57,96
WD3,0.7902101222935689,1.0572052117876872e-21,96
LE13,0.9094189384466371,1.3728772967100489e-37,96
RH1,0.9522985933946333,3.0312634667239513e-50,96
SL3,0.5540279319559854,4.753669871945327e-09,96
TS1,0.9396356435433618,1.4460992180532692e-45,96
CH42,0.9822331497808824,4.166820676972901e-70,96
LN12,0.8724433911293621,5.537625122400749e-31,96
LN10,0.5031576713489535,1.7439648299136598e-07,96
B19,0.8197375119171153,1.763306369166942e-24,96
SY3,0.9701972384807219,1.145753962183684e-59,96
CO2,0.2868673167008412,0.004601093709477416,96
MK44,0.7875669827518051,1.7822551947430156e-21,96
WD7,0.751066679235621,1.2196681769190888e-18,96
RM9,0.7942768390562559,4.663957901300119e-22,96
E8,0.9074525642114896,3.5965411585606684e-37,96
SN4,0.9575753877086608,1.3849979139991668e-52,96
GL1,0.5273999316445381,3.373016262059258e-08,96
GL19,0.9419114653789226,2.504208496248387e-46,96
PL35,0.9374077971386185,7.542417418680233e-45,96
NE42,0.862592147671507,1.4419524008126922e-29,96
WA4,0.9473059500488455,2.906807267124671e-48,96
CA13,0.858495559188453,5.195989594437198e-29,96
PR2,0.9610040797168496,2.8543854550903564e-54,96
LS9,0.9373467581883446,7.884800250093679e-45,96
LS5,0.2070319795149951,0.04298017487192169,96
DN10,0.9681016300490914,2.6628714203657185e-58,96
NN10,0.9718116892615907,8.675490727721257e-61,96
SY8,0.4448303245332346,5.606365959964072e-06,96
B69,0.9545362058913286,3.336800246831905e-51,96
B8,0.7021467091228689,1.5784408432975833e-15,96
NR19,0.9584606463529768,5.2462930079077185e-53,96
SG15,-0.7707254513973589,4.2083719472273857e-20,96
ME6,0.9215857840956009,2.0770725351025355e-40,96
SL0,0.9607035199232771,4.066652879840727e-54,96
OX1,0.9212378127649075,2.5368475336414446e-40,96
DL3,0.9513393629306024,7.558059123481033e-50,96
LA16,0.7389682328463979,8.321598289841818e-18,96
PE7,0.8253858443078157,4.538121075960421e-25,96
IP24,0.8741585307475612,3.0539389834390443e-31,96
NR18,0.8700105136077741,1.269440721183255e-30,96
CM7,0.9546085004412612,3.1014814697725207e-51,96
CM16,0.683243125986979,1.728411734566655e-14,96
GL14,0.5767820751908094,7.732791700354868e-10,96
TN18,0.8945986862159081,1.1982409481434852e-34,96
DH6,0.6130602147894839,3.150034574592556e-11,96
CV37,0.970638505766266,5.740989429981738e-60,96
CM0,0.9336656837193278,1.0592292144739238e-43,96
BR6,0.9386829085154992,2.952877081078981e-45,96
IG4,-0.700398159706844,1.985024839784633e-15,96
ME19,0.8830844678564188,1.1907628904722359e-32,96
SO14,0.9494324678043942,4.404752860631879e-49,96
RG28,0.38133515425259534,0.00012645310285057363,96
SP1,0.9536412164457128,8.171433079871865e-51,96
BA20,0.9485910792525794,9.382576319990668e-49,96
TA6,0.9667652408669354,1.7774691853400954e-57,96
BH14,0.9660191544291558,4.960696275726412e-57,96
WA2,0.9622480266163784,6.3998554434720776e-55,96
NG22,0.9491676025460846,5.596308005936132e-49,96
SY5,0.8884050469334354,1.5141764474876764e-33,96
ST17,0.9197007518509979,6.069732659050686e-40,96
B78,0.9480316886746858,1.540342827932224e-48,96
SE3,0.8887570072049124,1.3162371069524646e-33,96
RH8,0.9002916659114734,1.008596775803185e-35,96
BN9,0.945464288213686,1.4000397165515775e-47,96
SO23,0.9261380805428254,1.38955097331573e-41,96
SN9,0.8286459416555085,2.0274030419879307e-25,96
PR6,0.9560487265788274,7.044007214582639e-52,96
CA9,0.7053567679108425,1.0318248925924635e-15,96
NE28,0.9793167999367363,4.9358058222739904e-67,96
HU8,0.9564486050197761,4.6265074178263716e-52,96
TW8,0.4799394976358203,7.499417536231086e-07,96
EX39,0.9277083511295512,5.250065340262026e-42,96
DT11,0.9000664687001275,1.1154593662244944e-35,96
NE48,0.7445799740506618,3.460979501863962e-18,96
CA7,0.7774100125730157,1.2400519583302709e-20,96
CH66,0.9424695634001797,1.611481719531515e-46,96
PO30,0.9716624729861336,1.1081044566375688e-60,96
DT5,0.7759260411344746,1.6323890236899092e-20,96
TQ12,0.9528411943523738,1.7928335731233967e-50,96
TS8,0.5504931312382819,6.2273560113839916e-09,96
S42,0.9563810741738384,4.968265260453105e-52,96
WS13,0.5882213301494708,2.9412048587639833e-10,96
NR31,0.811062502585983,1.296191033936732e-23,96
UB3,0.3029725471507072,0.0026955072154362172,96
NW7,0.5239427668190908,4.2973780989091034e-08,96
DA8,0.6862898737595073,1.1896689809660493e-14,96
PO5,0.9419173680813798,2.492617293645709e-46,96
BH23,0.8464807122878613,1.789348431072593e-27,96
HP27,0.41560009519609237,2.5446376827769055e-05,96
GL11,0.8660630113163599,4.71018517267936e-30,96
TR17,0.8730231454836888,4.5329093003830965e-31,96
YO16,0.9403705353498927,8.27131335271744e-46,96
HU17,0.8716586975541896,7.249889129249428e-31,96
LS8,0.9774956253697129,2.499610955462404e-65,96
TF3,-0.7213378288434061,1.138622050372566e-16,96
CT12,0.8926276240206762,2.731606062627718e-34,96
CT8,0.6399321722118512,2.231861337192128e-12,96
BA3,0.9426634519888993,1.3812346099936542e-46,96
TQ3,0.9245034120006965,3.742047809908288e-41,96
HU19,0.8912816411755724,4.751385291457731e-34,96
DY8,0.9563135442879882,5.3346619075622546e-52,96
TF9,0.974239495931082,1.3303330370905848e-62,96
W12,0.24911398982061322,0.014383005113073619,96
EX32,0.8623983887017589,1.533503618879853e-29,96
GU2,0.9438132899394766,5.474256617733543e-47,96
TW19,0.8389626183288416,1.409536550063302e-26,96
RG20,0.6590473615093236,2.8812426823683195e-13,96
OX26,0.7992240807040348,1.680672822396053e-22,96
SO17,0.9410990688368857,4.720491120346287e-46,96
CW2,0.8974615513621792,3.5150075210165547e-35,96
LS6,0.8976925895100125,3.1787692250392115e-35,96
WV2,0.3853739929251385,0.00010562535811685409,96
WV11,0.9305664834266618,8.427729118748368e-43,96
SM1,0.8631290511281052,1.2152293548961359e-29,96
OX7,0.3644231621181066,0.0002620443658407083,96
CH65,0.9531932503033251,1.2708958931861936e-50,96
HG4,0.9771430897070228,5.148295509397381e-65,96
BD22,0.8195207987135543,1.8558065068418412e-24,96
BD18,0.8551710575870364,1.428135208826796e-28,96
B46,0.9773491108875488,3.379745929125767e-65,96
WV1,0.8622394651703226,1.6128051512204088e-29,96
B79,0.9492839387761224,5.038477127161308e-49,96
IG3,0.08957197948369616,0.3854641769285695,96
SW4,0.8214846496021292,1.164712703175936e-24,96
BS37,0.9533666809340027,1.0717012121862682e-50,96
KT13,0.8972166749971624,3.909269291471629e-35,96
BN7,0.9558897839441153,8.316003070998353e-52,96
WN7,0.8374017378647067,2.135115501385258e-26,96
BB18,0.6915871387841237,6.146555060027499e-15,96
NE22,0.9357398678923273,2.4974121849409433e-44,96
NR21,0.8761017843179401,1.539625164276517e-31,96
SN5,0.767365516048094,7.658370199566813e-20,96
EX10,0.9634480521292642,1.4412886204169681e-55,96
EX3,0.9500718989514648,2.4579588833239934e-49,96
BN22,0.9452072913609773,1.7358929953738645e-47,96
RG4,0.900896014050508,7.688262037827081e-36,96
BH6,0.9771662867294921,4.910964278659835e-65,96
BH21,0.9456984729056296,1.1498783784433305e-47,96
TS3,0.9084410084241901,2.2223857854799075e-37,96
S32,0.7445119934592602,3.498434779295876e-18,96
AL3,0.6166633885579704,2.2411921012803448e-11,96
ST18,0.9439330958841963,4.965455125244522e-47,96
GL7,0.9430643963903315,1.0024474149230302e-46,96
WR8,0.7714461103516949,3.696304803678599e-20,96
NR11,-0.15411797421660925,0.13381304816436027,96
EN3,0.11171024525703625,0.2785464607119492,96
ME20,0.9147982987096586,8.767368341987388e-39,96
OX5,0.9307934660507233,7.263902288837953e-43,96
GU12,0.43771861669647805,8.20634832141808e-06,96
B25,0.8865299716038962,3.168932300888657e-33,96
PE26,0.6922093411147778,5.682543524429792e-15,96
NR10,0.7775837850506215,3.3208791064203224e-10,45
W1F,-0.30711871466058066,0.0024673594432673323,95
TQ14,0.9363533393686568,1.6139072277813913e-44,96
BN8,0.8915567868136612,4.24556011536906e-34,96
WF12,0.6924613476531405,5.504419340400722e-15,96
WF6,0.9602951750093357,6.54905955367715e-54,96
B13,0.9452779514588809,1.6364125744849695e-47,96
PE19,0.7888616457442487,1.3812690075240751e-21,96
PL17,0.8471110133878723,1.4975120029602045e-27,96
CT7,0.8927309364141781,2.6171813045855527e-34,96
PO31,0.6911305880669222,6.510145522034685e-15,96
TS5,0.7067968014919762,8.510975674251831e-16,96
M45,0.9447285605365159,2.583925466143693e-47,96
NE8,0.9666230324104722,2.165422518742805e-57,96
S3,0.9335096827696671,1.1785850563036396e-43,96
DE73,0.9079242784917644,2.860269933709839e-37,96
SG19,0.8600691873545907,3.190841972696452e-29,96
CR5,0.9089028463151322,1.7714225668774535e-37,96
PO13,0.9540856296411854,5.249567315508181e-51,96
GU33,0.8733457735557066,4.05328612868862e-31,96
NE2,0.9210273784240413,2.861661861341853e-40,96
YO32,-0.07331945171319153,0.4777494852295515,96
HR1,0.9477025551178828,2.0567589739410032e-48,96
B80,0.8785416358854673,6.409132043596423e-32,96
SM5,0.6129802510596403,3.1737665735149216e-11,96
CT10,0.9340197236307465,8.304857006389511e-44,96
CW5,0.95479455780024,2.5679725066588615e-51,96
WF9,0.9559272372995237,7.997423767544936e-52,96
B92,0.9620174180810649,8.4757806269198e-55,96
CB4,0.8423772786289414,5.594474588737696e-27,96
LN6,0.9496434106915499,3.636717912864673e-49,96
SW3,0.8286909104687264,2.004757038502184e-25,96
PL13,0.9415758631232627,3.2574841350644083e-46,96
PL4,0.9705673891650126,6.421863324821979e-60,96
PL19,0.20524038230877464,0.04485583593083703,96
TN4,0.7656542502614357,1.0349032072570756e-19,96
BN3,0.9568254810698144,3.1017956845741507e-52,96
HP13,0.9150862784105132,7.528304632477532e-39,96
GU14,0.9228244026298588,1.0116716349033068e-40,96
DL1,0.9522172032509721,3.277984102417409e-50,96
M40,0.9498165343173859,3.105623746459352e-49,96
DN35,0.2196515719390285,0.031533157166777064,96
LS13,0.9042795281482161,1.627367071176887e-36,96
B23,0.9300546339518202,1.1761189711498027e-42,96
NG21,0.9311267487561552,5.834519918272086e-43,96
CM13,0.6652105111478508,1.442313169140126e-13,96
SS3,0.754543574615774,6.881620236001464e-19,96
SW10,0.6294512664550947,6.460841336546338e-12,96
DA16,0.35476858381603077,0.00039028473096185535,96
EX36,0.7444584633022961,3.528204919046228e-18,96
PO38,-0.32476464376151004,0.0012451638378002897,96
CH3,0.9445757640789898,2.93153400328793e-47,96
L25,0.9273818046785688,6.439468920408178e-42,96
CA15,0.9591608348810645,2.3979688956034724e-53,96
B44,0.9138177195039848,1.4670484135791056e-38,96
SG9,0.30396234220584983,0.002605800935795542,96
WS11,0.9568015956205869,3.181734632988621e-52,96
N18,0.7668077497859014,8.450443925897018e-20,96
N17,0.5430343647905258,1.0897997823009721e-08,96
SW7,0.6781546451257525,3.1933980214133073e-14,96
PL29,0.9395119179748472,1.5876183119416397e-45,96
PL21,0.9029590848281183,3.0032948643784988e-36,96
WN1,0.9688442145618553,8.952096467915879e-59,96
LS16,0.643827765508416,1.4878044754683271e-12,96
LS17,0.9581274527898541,7.578801636411338e-53,96
TF10,0.8020294963788023,9.302255168301472e-23,96
CB1,0.7759163300828961,1.6353168252999488e-20,96
IP13,0.8520324777967822,3.625586894516962e-28,96
LE14,0.3311988311912727,0.0009803327393304686,96
CM15,0.7937870930735561,5.152008360087354e-22,96
SM7,0.9428565618380869,1.1839851637125775e-46,96
NE45,0.9643388898461541,4.612975854691359e-56,96
HU14,0.786625248982112,2.1429089981586133e-21,96
DL7,0.8913426846113907,4.634319541270585e-34,96
NG10,0.9816018756975096,2.1195445073781488e-69,96
PE30,0.8088092163989283,2.1400376104940476e-23,96
DA9,0.6213093106194267,1.4356940639317881e-11,96
PO21,0.9752165333652005,2.210016531775123e-63,96
CW7,0.9664300708931124,2.826775173606474e-57,96
DH2,0.7289388104090723,3.779488417358185e-17,96
B91,0.8353534053561605,3.657786039035786e-26,96
CM2,0.9219285725847073,1.7041539606029452e-40,96
SS13,0.8156352589886937,4.588614714636165e-24,96
SE22,0.8677969347122603,2.661812224188923e-30,96
SO19,-0.07490004173397764,0.4682840210354685,96
DT1,0.8374288680966079,2.1198396608737895e-26,96
DN36,0.8100586703881664,1.621941124606829e-23,96
B50,0.9272665000198677,6.919364754470888e-42,96
DE12,0.9155251999628434,5.961954990558893e-39,96
CM18,0.9353346540244719,3.324376255777534e-44,96
AL5,0.7094695649875518,5.935014351066801e-16,96
E2,0.05111439699282717,0.6208967576154908,96
SW1X,0.005631261266322722,0.956574630967395,96
DT7,0.9540708192961843,5.3279294430125935e-51,96
GU46,0.8578420792204438,2.669414376074433e-26,87
WR3,0.728620705866908,2.738306759386815e-13,73
SW12,0.26298350130986825,0.009634326768682472,96
KT11,0.8500047578678304,6.544016245045531e-28,96
M15,0.7989119967012612,1.793948186349197e-22,96
NE40,0.9358162189070388,2.365886237367189e-44,96
NG14,0.9691321604921901,5.824484115306426e-59,96
CB7,0.9266638407436443,1.0055199566851893e-41,96
SN2,0.9301297161150622,1.1201815471705241e-42,96
EX21,0.7765993285111171,1.4413575521520616e-20,96
CT11,0.5695574917495659,1.397196676810887e-09,96
TN1,0.9354156074155219,3.14020527554287e-44,96
SO50,0.9461154204039979,8.081722724203858e-48,96
WA1,0.8411642821001186,7.787591987480381e-27,96
DH9,0.949002292576359,6.4940722107000034e-49,96
M46,0.9345221355611594,5.866561704180595e-44,96
YO30,0.9413440180547632,2.4259673603130562e-42,88
B96,0.8809632061879797,2.6354763999683744e-32,96
IP9,0.5105218364127929,1.0730633722408177e-07,96
WV16,0.35118324973620996,0.0004510773408712544,96
E5,0.8300034953000897,1.4422517096112027e-25,96
SP5,0.8667550707439059,3.754280625637302e-30,96
CT4,0.6512273040001928,6.775841494081183e-13,96
ME17,0.9211584771465303,2.6548381907725904e-40,96
RG8,0.9078361028457784,2.9856760085928925e-37,96
NE47,0.7511870914333979,1.1959203757822858e-18,96
CH48,0.9489623944194384,6.731007838061597e-49,96
DN41,0.7073768186189135,7.873243863798252e-16,96
PE27,0.5859192189756574,3.583633397103637e-10,96
IP22,0.8861683297072457,3.648578322522219e-33,96
MK40,0.9547933320439607,2.5711746627027936e-51,96
UB9,0.91639733121694,3.7363384129574016e-39,96
RM7,0.9119033594083598,3.9386647081958905e-38,96
SN12,0.7082167579223712,7.031109630867921e-16,96
TA18,0.672638293840013,6.128151332860022e-14,96
M35,0.7175041814252215,1.958811356108828e-16,96
OL3,0.9352012950516692,3.6510344607323756e-44,96
WA14,0.9836846122651945,7.843414575539354e-72,96
DY2,0.49117868695372247,3.75154192904683e-07,96
SS17,0.9086235204290225,2.032156567557732e-37,96
TW15,0.6611523167715151,2.278928046870164e-13,96
KT8,0.43136563582934384,1.1451246850077472e-05,96
EX2,0.9117108443627756,4.344499399029674e-38,96
FY7,0.9493892389613304,4.5806838010093614e-49,96
WF14,0.9174379137455484,2.1251527000920492e-39,96
S33,0.957138693152488,2.218822278666651e-52,96
CB9,0.5692106825744107,1.4369287049533526e-09,96
IG5,-0.1986752287191466,0.05231858379566133,96
BA13,0.5729692341171694,1.058531573486688e-09,96
PL24,0.8348821812038943,4.1357163992885156e-26,96
BS11,0.9209002001738495,3.0773042266218677e-40,96
ME9,0.747443444494933,2.192509912058833e-18,96
KT14,0.7922562498853593,7.019893430638382e-22,96
SR1,0.8778064186237725,8.362733811903462e-32,96
BD10,0.9102125408954566,9.249605307137756e-38,96
NR5,0.48242627327231374,6.447473982582817e-07,96
KT4,0.8805990399073635,3.016003259413188e-32,96
NW4,0.1739516782360824,0.09007664761708088,96
HA2,0.9328056539878018,1.902131082739981e-43,96
TR19,0.8124576091162001,9.470740540751484e-24,96
TS18,0.9477482365708084,1.9760789523234253e-48,96
S25,-0.02339320112638253,0.8210193577253846,96
ST4,0.9696755946750073,2.5591549797405682e-59,96
IP18,0.8776648075445376,8.800732881900678e-32,96
IP7,0.9514633572806188,6.723157204610598e-50,96
AL2,0.2367058183977774,0.02023537209946445,96
SE21,0.6697325194243344,8.59052411139249e-14,96
TR12,0.7925593078269227,6.60423189192544e-22,96
ST5,0.9769803105237636,7.159862859314913e-65,96
ST1,0.9675695290401277,5.7246413615417226e-58,96
NR30,0.5722231079983919,1.1250863150913347e-09,96
CM8,0.8011706817897974,1.1160036046420178e-22,96
SS8,0.8021853552967203,8.999028822235008e-23,96
N6,0.533048898461272,2.2573414768307253e-08,96
SW1V,0.07169406923572319,0.48758956500915474,96
TN33,0.9093690025375348,1.4072484383001624e-37,96
MK12,0.33073153904535846,0.0009976807860740007,96
CA8,0.6883965413859187,1.2700535595860396e-14,95
CH2,0.952049894004923,3.848382904924679e-50,96
M8,0.09484954242821686,0.35797385256638714,96
PE24,0.2937992193772037,0.010516374619720997,75
TR16,0.8800387994502571,3.7082537276576946e-32,96
EX34,0.7870243523496886,1.982143306722184e-21,96
SK2,0.9764716255760786,1.9770558758008253e-64,96
B24,-0.3114717962864442,0.002008063715350257,96
PE15,0.85364116687508,2.255140288306626e-28,96
CO6,0.816243753501411,3.987739232233142e-24,96
W5,0.7687658972779758,5.97440763728413e-20,96
RH14,0.8533009579680357,2.4945208468987073e-28,96
CR3,0.9281983810608296,3.8574113617516536e-42,96
SG7,0.8829276735809984,1.2634454714482476e-32,96
LE5,0.9423454525594765,1.778132865531987e-46,96
PL22,0.8128463849015672,8.673667346755108e-24,96
TW17,0.4708104703712056,1.2930123540361847e-06,96
RG12,0.9325813739323493,2.213046359225751e-43,96
BD7,0.9162735649575345,3.9937482179242805e-39,96
WD17,0.5814051367425366,5.255660046370902e-10,96
PL32,0.8492297730502827,8.182155573712727e-28,96
WF7,0.950242480283274,2.1010026761122912e-49,96
S80,0.6100722355731258,4.1638881284591494e-11,96
HP4,0.7354594123670511,1.4240348672604453e-17,96
L3,0.9409873470453799,5.146863762700019e-46,96
DN22,0.5119140488813427,9.776657371488403e-08,96
NG23,0.9225197118748839,1.2088501689552734e-40,96
BS36,0.948790993186431,7.848676639156617e-49,96
BH9,0.9136686757170158,1.5855999718371267e-38,96
LN2,0.9710762719679821,2.862243310565382e-60,96
SP3,0.9343706903273078,6.516446592487197e-44,96
CV1,0.9140737079433439,1.2833232780063398e-38,96
LN13,0.9399104681460015,1.174420240279501e-45,96
BH15,0.9347178796945746,5.119742489565877e-44,96
LS23,0.9183948239268693,1.2565328534440847e-39,96
PE33,0.8940376919358596,1.5174619337164482e-34,96
SS14,0.7873244555193477,1.8690456806962743e-21,96
PL25,0.9121511179661208,3.4705059756750036e-38,96
LA7,0.8976477304440945,3.241497697994959e-35,96
HU4,0.4322837555304955,1.0917416295004625e-05,96
WR1,0.9606098942654179,4.5381418674154075e-54,96
BS9,0.9559484387957385,7.8224056967978e-52,96
NE20,0.9190089262450568,8.937948831343178e-40,96
NE33,0.9598578390808643,1.084972372698701e-53,96
DN40,-0.015376319664511527,0.8817968357581005,96
EN5,0.951408108188876,7.083395983886695e-50,96
SL9,0.9434562473287271,7.311966652197893e-47,96
PO9,0.9710557283708764,2.957981955987584e-60,96
WA8,0.9827249420999382,1.126372323506188e-70,96
TD15,0.8657209427814375,5.266562045250994e-30,96
IG9,0.9485875136868736,9.412435311204593e-49,96
KT18,0.8465157018536594,1.7717871205909255e-27,96
HP18,0.9432667170713839,8.519874726328455e-47,96
BH5,-0.20744599831639665,0.04255613705530124,96
E7,0.011917035192535258,0.9082571414145668,96
ME1,0.8730639456466537,4.469326953739338e-31,96
L28,0.942252975186584,1.9131462039465268e-46,96
DY5,0.8549966766477981,1.5048690595206578e-28,96
WS5,0.6344517207429949,9.18188798210989e-11,84
TA12,0.8922425789902556,3.20268991675758e-34,96
PO14,0.956855564018891,3.0039051097667953e-52,96
WA10,0.9616516774036871,1.3186956983155786e-54,96
DA5,0.8690838913430868,1.7335412452041873e-30,96
SW8,0.6664383192446993,1.2541306585041105e-13,96
TA9,0.9621628594305016,7.100981087645853e-55,96
DA4,0.9033124559034105,2.5512775805468583e-36,96
ME18,0.8610294359955425,2.3627275315312518e-29,96
CA2,0.7550409289455858,6.335757774657982e-19,96
YO12,0.665086325486768,1.4627996633442616e-13,96
NN4,0.9536350626580078,8.221404444865524e-51,96
BS7,0.9027906361644294,3.245422529974143e-36,96
SO40,0.9653953894169395,1.149819425545757e-56,96
PE31,-0.07133870285044208,0.489755203611832,96
CR2,0.927847148465577,4.8121954692056634e-42,96
L8,0.8942094108958247,1.4118269934433576e-34,96
LA23,0.961942551507827,9.281700685899733e-55,96
DE45,0.9291733786838099,2.075377779887779e-42,96
EX20,0.8851705149897588,5.3696203978175865e-33,96
DN21,0.4785799562094756,8.141309922879972e-07,96
HX5,0.22569233902031818,0.027038108436681346,96
BL3,0.918084489512612,1.4910468010347663e-39,96
YO19,0.9392688687823807,1.9061230406324584e-45,96
CM14,0.798327151947755,2.0265640513811684e-22,96
MK8,0.376441627465117,0.0001567759062188375,96
EC1R,0.5470633454716294,8.068639954117202e-09,96
BA14,0.9551366184064294,1.8112155694217087e-51,96
TR27,0.8236898080933865,6.856034565343631e-25,96
PO12,0.8831213760292589,1.1742565959832977e-32,96
SK1,0.7195416594606485,1.4697945467744076e-16,96
CA28,0.4313556592396288,1.1457180014401383e-05,96
HX7,0.9692581603767281,4.819682265375691e-59,96
CO4,0.8194319628138582,1.8950751311978606e-24,96
SE11,0.9011422067502687,6.879962655788696e-36,96
M4,0.9229616175033755,9.33489544273532e-41,96
IP20,0.7677248747900406,7.186784439912536e-20,96
NE17,0.660724945353857,2.3904239421000787e-13,96
SK3,0.06178546371724824,0.5498311669634353,96
NG12,0.9416400737065624,3.098008561105824e-46,96
SY7,0.1670883871378389,0.10370730783166611,96
BD5,-0.030827248731894522,0.7655823020264916,96
CO1,0.7195035104351187,1.4777542854338847e-16,96
GU4,0.8014177776949297,1.059139740287702e-22,96
HP6,0.911532885198077,4.755801590429553e-38,96
M20,0.9586119898872412,4.434646224646355e-53,96
NE21,0.891648636551303,4.088713686858135e-34,96
TN26,0.901800523892369,5.104603598524434e-36,96
NE3,0.9628624816947198,3.0014508890893477e-55,96
RM19,0.11189854384668081,0.2777319471110251,96
TF8,0.24290306343736776,0.01709729255940145,96
WV8,0.9570068628466785,2.555590229913986e-52,96
W1H,0.24528431941740741,0.01600843540864643,96
L7,0.8924693260663165,2.916463866480526e-34,96
TW5,-0.7596338741494902,2.9258541772108525e-19,96
DA15,0.7186323651589068,1.671320240318739e-16,96
AL10,0.9364217535389873,1.5367957246517218e-44,96
EX12,0.9635739022567331,1.2291462587251242e-55,96
CA3,0.3741347412852983,0.0014197596849212838,70
HR9,0.7952246946368382,3.8438797679128094e-22,96
NW6,0.9488352538239462,7.543803552283634e-49,96
NR1,0.9310023243016493,6.332697797981729e-43,96
CM17,0.931722685947314,3.9322991420161514e-43,96
WD5,0.9021138645475635,4.425295860961623e-36,96
W1K,0.43769027455875953,8.218678172310154e-06,96
TR21,0.4139456735821699,2.7607135648786744e-05,96
TR3,0.9386880282179412,2.9416607876154076e-45,96
HR2,0.9342259212529517,7.203190978313398e-44,96
SE2,0.5854945672297648,3.7160100806443603e-10,96
SO45,0.9510602872389822,9.825297947749805e-50,96
TS6,0.9205261855419304,3.807636511309935e-40,96
B18,0.21776154486200183,0.033063018370792494,96
HP10,0.5970059184281175,1.3641522629769848e-10,96
BA16,0.9359126118185447,2.2094718132928699e-44,96
SE27,0.15305776429680543,0.13654102591498904,96
DY11,0.8061166359077119,3.8625657024171875e-23,96
WC2A,0.6285257210626496,7.083043519997432e-12,96
SR6,0.809627162955778,1.7853015114056406e-23,96
WV13,0.8153775200374608,4.8689171264902776e-24,96
RG19,0.8348957477001764,4.121142766677006e-26,96
NG34,0.8901097411255874,7.648417519753825e-34,96
B68,0.9044810655906242,1.480912245010501e-36,96
SY9,0.787724421527995,1.7280261752781586e-21,96
WN4,0.9300718274814815,1.163073406829313e-42,96
NE4,0.9753083489552722,1.860132700453125e-63,96
WS8,0.7164650957273986,2.265617465105197e-16,96
SS7,0.8882113959197508,1.6351794898728388e-33,96
EX16,0.9197660026756751,5.851133075016547e-40,96
GU31,0.7919882152366737,7.4086423049043895e-22,96
BB1,0.9664810532035456,2.6349674025419376e-57,96
DY9,0.9603833476649685,5.911245466759305e-54,96
IP3,0.9396611372866628,1.4185102944144246e-45,96
BS3,0.9347888754740802,4.872529854825619e-44,96
WV3,0.9091371542173651,1.5781565379834116e-37,96
HD2,-0.2789102959525269,0.005927129041335099,96
LN9,0.8760508836756549,1.5677245338813964e-31,96
PL6,0.8744760245307828,2.7327570165848717e-31,96
GU52,-0.6509211297575288,7.002995046533729e-13,96
NE35,0.8493376496384034,7.932222269583424e-28,96
RM20,-0.10753414220868349,0.3243788325854985,86
EN4,0.9079550726010096,2.8176974621479305e-37,96
KT1,0.8198279190774597,1.72605910637683e-24,96
S9,0.5494870708717023,6.720996187233144e-09,96
SG16,0.782032954767212,5.194891828126351e-21,96
SO24,0.9588691749967564,3.3280534551861735e-53,96
SK7,0.8069440066301298,3.22479069308017e-23,96
L16,0.9223615520877325,1.3255309529847176e-40,96
DY12,0.6668407628686035,1.1977858720207792e-13,96
RH18,0.8528116074175479,2.8827988275865005e-28,96
CH43,0.9620174180810649,8.4757806269198e-55,96
HU6,-0.2366681701306365,0.02025585384358002,96
BN15,0.934456529006185,6.139922361918933e-44,96
PO7,0.856670023980862,9.081433412145106e-29,96
TR18,0.9560549134984015,6.998550121374763e-52,96
TQ6,0.9336010234767045,1.107194106155135e-43,96
WA3,0.9597493192573391,1.2286921432769714e-53,96
CA11,0.9573545223860556,1.758869624369348e-52,96
NR25,0.8832781684793904,1.1065895658817967e-32,96
LE4,0.9384215739004171,3.584450137027231e-45,96
CA14,0.9701805851331133,1.1757873306568048e-59,96
SO51,0.9606096273161774,4.539559773542987e-54,96
CW12,0.863250066308645,1.169148235319383e-29,96
TS15,0.5304942534916174,3.212452395528168e-08,95
TN14,0.9374868625768772,7.120452383609113e-45,96
CA16,0.6024114407618478,8.40397567189307e-11,96
IP30,0.8034741094468065,6.834306705849783e-23,96
S40,0.6620409935632645,2.062941817027049e-13,96
IP17,0.8760453910968288,1.570786419357482e-31,96
CM11,0.3775596307313298,0.00014930753085071367,96
TN21,0.8938818442864725,1.6199861275803695e-34,96
PO1,0.9493336051852508,4.817236704177569e-49,96
DY6,0.9570053652014707,2.559689500298881e-52,96
CB2,0.2696947833740789,0.00787755382894306,96
DE65,0.9460329315481338,8.667606227385904e-48,96
UB10,0.44646799771182577,5.129182587777997e-06,96
TQ8,0.7702255200102791,4.603435280569195e-20,96
NN16,0.9774109205360739,2.9765922661421803e-65,96
W1G,0.8889213085189382,1.2327123260953405e-33,96
SE26,0.8785040391951359,6.497199032289358e-32,96
OX28,0.9201374175948981,4.745793186016752e-40,96
GU51,0.8689954574694065,1.7856442290484487e-30,96
TS25,0.8019479641574268,9.46481539302575e-23,96
OL7,0.9078730107470581,2.9325443234268465e-37,96
OL10,0.9648764046900473,2.2872951188906567e-56,96
M1,0.036500343341685046,0.7240421175216218,96
NW9,-0.08614614530364811,0.40396964861551976,96
WC1X,0.8165392054370381,3.724337300195997e-24,96
RG40,-0.2319522775446152,0.022966223389640144,96
BL5,0.9664335759417617,2.813162322731287e-57,96
LS28,0.96306218947343,2.3402300699132386e-55,96
HR7,0.7928631275831454,6.211596201364353e-22,96
SG3,0.8466886441462715,1.6874250310771616e-27,96
DA10,0.25788890140132503,0.16130909166725993,31
TS11,0.9512440780885473,8.267732469823209e-50,96
OL15,0.8910126197830707,5.3026213300526145e-34,96
S26,0.9790996186231619,8.024665762313072e-67,96
PE1,0.8919048152005139,3.6805418220664533e-34,96
CV2,0.9846815411442006,4.1434405851496456e-73,96
MK42,0.7795092679612927,8.374964939828505e-21,96
SG10,0.7748707848997762,1.9822783774857196e-20,96
WC2R,-0.053797509254702815,0.7164865194097433,48
KT19,0.8964202775942912,5.513774920566175e-35,96
NE46,0.9517107603555073,5.317902376238777e-50,96
NR9,0.7511828914146907,1.1967410972693614e-18,96
NN5,0.8207876073375798,1.375022647643324e-24,96
MK7,0.613001192751405,3.16753482212927e-11,96
HU18,0.8890313268516641,1.1796990079652755e-33,96
WS12,0.8087589955349372,2.163922783761869e-23,96
BB10,0.9757660848169147,7.800570201621576e-64,96
WA12,0.9806360596811263,2.2964585859448786e-68,96
PE3,0.881335125286865,2.2953112200779744e-32,96
HP2,0.8605903581669087,2.711454039559079e-29,96
TA23,-0.17419150923023002,0.18701004358843326,59
S64,0.5807604657716742,5.548441129017544e-10,96
RH3,0.7639408422833236,1.3954653282280365e-19,96
NG1,0.666971927171209,1.1799565002701374e-13,96
TN28,0.6435962228326578,1.5243494947996302e-12,96
M11,0.91963713451118,6.290531957402375e-40,96
NE24,0.9596508363720186,1.3751253923052054e-53,96
SG2,0.8334509007539291,5.991258593825629e-26,96
TF4,0.2874121146361529,0.004520820001623026,96
E10,-0.38494668887441014,0.00010766775254747714,96
NN9,0.836383862011288,2.7925733365626304e-26,96
IP5,0.8988696242799951,1.897421025578127e-35,96
SG17,0.7856336193473006,2.5992184385338493e-21,96
LS27,0.9253329451039478,2.269892927945329e-41,96
CV7,0.9029772549344594,2.978256153078303e-36,96
CV31,0.912911365267203,2.3482279348805437e-38,96
SW1P,0.7070075386817339,8.273685347971709e-16,96
TA4,0.9336593508414576,1.063835756659659e-43,96
IG7,0.5718617112961031,1.1587480574906361e-09,96
PE21,0.49336670333762345,3.268802760248826e-07,96
BS41,0.8572561856922111,4.9840826789655946e-23,76
EX5,0.9011996108634777,6.703774154385419e-36,96
EN2,0.5689285636232596,1.4700462685819325e-09,96
NN13,0.9544890361926275,3.499655771371557e-51,96
ST19,0.8435221432119955,4.08383039663705e-27,96
EX15,0.9178397627432235,1.7056512248750623e-39,96
HD4,0.23590018425434886,0.020677561290638444,96
DE13,0.9718285501919333,8.438167830323255e-61,96
GL10,0.8690529886794063,1.751577477916475e-30,96
DH8,0.7663654091818123,9.134671856774995e-20,96
LA21,0.7916294943704029,7.961830364959632e-22,96
GL12,0.9280392316262858,4.2645864548120475e-42,96
TS19,0.23474801239303353,0.028626298772812697,87
HG1,0.9791573408027935,7.05580058046503e-67,96
TW7,0.06269458536466903,0.5439639741977922,96
PL14,0.9468547267450811,4.2946931882770134e-48,96
CV11,0.9765055379059243,1.848897511979658e-64,96
B43,0.16824363288407923,0.10130640064502378,96
PO40,0.9319704824504835,3.33378261929962e-43,96
GU21,0.9199511654491561,5.271846547969228e-40,96
EN6,0.5301165596915619,2.783146545747225e-08,96
TQ11,0.8437433350239578,3.841776786081594e-27,96
W9,0.8577009829150258,6.631726360676585e-29,96
EX38,0.9180481350106549,1.5211709952904293e-39,96
KT22,0.9308752035352643,6.88453921092059e-43,96
SK11,0.9683937086068413,1.7397563084411287e-58,96
BB5,0.9774041380471036,3.0184231737254805e-65,96
LS24,0.9376960689070895,6.112123153582454e-45,96
CT14,0.91625208166271,4.040159969815623e-39,96
HP22,0.8320220302039272,8.64369405510332e-26,96
LE9,0.9288478170050858,2.5551174885735108e-42,96
OX29,0.9150552441241268,7.6531377773915e-39,96
PR1,0.8691326041535918,1.7054774459921263e-30,96
B38,0.9287201654604607,2.771440506498087e-42,96
CR7,-0.0061248160250269934,0.9527727926105396,96
M30,0.8331061150380393,6.547356936096704e-26,96
TR4,0.8748969862323115,2.3572854474885944e-31,96
NG25,0.8872723098108812,2.3692626849321114e-33,96
NN18,0.7586660675532805,3.44808735925746e-19,96
SO53,0.9423921487498014,1.7135431011795055e-46,96
SN16,0.6823064208217456,1.9369927673851723e-14,96
B7,0.655608275447837,4.209684914708425e-13,96
RH16,0.9767869315508038,1.0562029970563386e-64,96
CH44,0.9626451887776426,3.928707205781453e-55,96
YO17,0.7721123622978978,3.2771186282382564e-20,96
LE10,0.965405915058593,1.1337694176044586e-56,96
CO15,0.959640525784417,1.3914087234737984e-53,96
SS2,0.8244347319109293,5.722737784510526e-25,96
DH5,-0.08596359745391227,0.4049701844053615,96
BD11,0.38028041670586593,0.00013248737826300727,96
PL31,0.8008966762286485,1.1825353294947462e-22,96
LA28,0.6545454545454547,0.028864598957001886,11
PE4,0.6268514009130144,8.358319209956505e-12,96
TN22,0.7113308718976555,4.606282988846049e-16,96
PO6,0.8959660874539408,6.70012938563264e-35,96
BD21,0.8073062213014808,2.9790034341503214e-23,96
NG20,0.9730087192820095,1.1598921762340101e-61,96
CR8,0.9346364889988708,5.418249558546153e-44,96
SK5,0.7478456684540538,2.05532318126824e-18,96
SP6,0.957537364242384,1.44329667477294e-52,96
CO7,0.9555945931426045,1.1300776490324987e-51,96
KT23,0.8648857634320789,6.908098989347829e-30,96
M44,0.9413308737205099,3.943036249891941e-46,96
B5,0.8270809850053779,2.991118115602952e-25,96
NG24,0.9620005903556086,8.650740483847738e-55,96
NE66,0.8392369649362476,1.309723737159978e-26,96
CV22,0.943812302980191,5.478652778081787e-47,96
UB1,-0.6871975394732543,1.063448348345732e-14,96
SK8,0.9711845956613127,2.405425992481248e-60,96
SW14,0.79285622452409,6.220259720068777e-22,96
SP7,0.9122974934158953,1.365740420977719e-22,56
PL8,0.9379139618396309,5.21048489719986e-45,96
LE7,0.813074192143935,8.237374357540248e-24,96
NW11,0.37515474229646384,0.00016579996677712746,96
M18,0.9538301892131511,6.77350436328413e-51,96
RG24,0.6966283805865315,3.2355167687886054e-15,96
DE4,0.9781636287968298,6.157601906511557e-66,96
WA13,0.822787688109556,8.52332970568832e-25,96
LS21,0.9484682934061881,1.0466093454601983e-48,96
NE29,0.9653960933260989,1.148739172849722e-56,96
DE6,0.9081956205938734,2.5057736787955184e-37,96
CH41,0.6629090789582086,1.8711305918689088e-13,96
LD7,0.5910306418565964,1.900364740624251e-08,76
KT9,0.6570929579477972,3.5762005308934023e-13,96
IP2,0.7312738660968756,3.939835570329951e-17,95
RM15,0.666429276520303,1.25542566853845e-13,96
GU28,0.8815074613554454,2.1525988755570276e-32,96
LA15,0.8302449879612156,1.357046514607217e-25,96
CH60,-0.3227272424975393,0.0013416727327128807,96
HU11,0.18350330591344158,0.07351256815339569,96
GL2,0.8815629728420046,2.108501444486764e-32,96
GU29,0.9595439253830839,1.553418941807026e-53,96
MK2,0.45145339762246783,3.90124550756647e-06,96
B65,-0.5064112783880228,1.4091756872012956e-07,96
BS20,0.8880636751204287,1.7337794360929644e-33,96
SY6,0.46245468282877006,2.1000645415912595e-06,96
RM6,0.923174486987906,8.23743301825056e-41,96
LN11,0.8665154153550709,4.061653027614109e-30,96
DA13,0.9538243455110463,6.812998975511422e-51,96
CB11,0.9025011457593534,3.7067870746633e-36,96
S35,0.9513690595239812,7.349316370517951e-50,96
PE32,0.9483676025909346,1.1445104973936318e-48,96
BA5,0.9275382964091864,5.83983984736179e-42,96
LS12,0.9239602271503218,5.175237316219269e-41,96
DY13,0.9369872862729172,1.0231599227441683e-44,96
DE56,0.9665991802583195,2.2381399887055162e-57,96
N3,0.3458277388648246,0.00055820249074789,96
NE9,0.9291227499871375,2.1437309036994078e-42,96
CM3,0.9207567901669216,3.339536231707081e-40,96
BH2,0.22869623699241445,0.02501348747854236,96
EC3N,-0.13281351237912162,0.40176229166611666,42
BD24,0.7511166452679957,1.209758765186745e-18,96
BS49,0.8394382021261599,1.8535350751871529e-16,58
PL15,0.9512110767837308,8.528395846690193e-50,96
W10,0.8684383693600206,2.1507840509540854e-30,96
TN30,0.9642998853069641,4.851839348093213e-56,96
DN14,0.9604747775861479,5.31408268591529e-54,96
W1D,0.743690467651223,3.9833696989955754e-18,96
ST6,0.9840814444942897,2.4877731801139074e-72,96
ST21,0.9150201789098807,7.796618571730693e-39,96
SO42,0.9318558296233909,5.880416336820835e-41,91
PL27,0.8687881348362874,1.913854122850662e-30,96
PR7,0.9754372162457084,1.4588470192263465e-63,96
NG3,0.9678270454973363,3.958931658330356e-58,96
W7,-0.08573298657230954,0.4062362330920083,96
DL14,0.8492169538577112,8.212361163488304e-28,96
LE11,0.9494356876985076,4.391916288379906e-49,96
PE9,0.9521800615664526,3.3969961876344475e-50,96
HA9,-0.31524149988391975,0.0017573799502021647,96
SW6,0.6945905527386746,4.200352532698439e-15,96
WF10,0.9697469131462204,2.294786443007857e-59,96
MK4,-0.058062123960037675,0.5762302175705426,95
OX17,-0.1649971407672636,0.10816639258321475,96
BH16,0.4245716807087435,0.013789255550891727,33
BS4,0.8953977733291223,8.539534960080466e-35,96
TN7,0.14430734600935907,0.2886412093234374,56
IP16,0.4893363182496713,4.209777933280039e-07,96
BB3,0.9542006222315412,4.678298241639677e-51,96
NR23,0.8352510483938171,3.756792366191157e-26,96
CH45,0.9061602375189924,6.694411448792881e-37,96
WC2N,0.30151134457776363,0.3972038407802938,10
BS17,-0.24165239428557006,0.3189088549027896,19
DL6,0.017783574850739465,0.9192361047485892,35
SW1E,0.1860521018838127,0.44568922811232314,19
EC2M,nan,nan,2
SW1H,nan,nan,1
IP8,nan,nan,1
TN10,nan,nan,1
