bnf_sec,bnf_sub_sec,category,spearman,spearman_pval,abs_spearman,pearson,pearson_pval,abs_pearson,npts
1,1,IMD,-0.15981010983493185,1.7361811033212463e-65,0.15981010983493185,-0.0765056321234565,3.914625914158206e-16,0.0765056321234565,11293.0
1,1,children,-0.254087475132917,6.907638905211278e-166,0.254087475132917,-0.14265158511845535,2.0501132960952697e-52,0.14265158511845535,11293.0
1,1,crime,-0.42801892525333357,0.0,0.42801892525333357,-0.2945704566214156,7.18804987660275e-225,0.2945704566214156,11293.0
1,1,education,-0.06803445575100252,4.570052075315875e-13,0.06803445575100252,-0.06591140878214978,2.3635458423099886e-12,0.06591140878214978,11293.0
1,1,employment,-0.13608415395338713,8.114229079826368e-48,0.13608415395338713,-0.07319827237660176,6.793807145717839e-15,0.07319827237660176,11293.0
1,1,environment,-0.13439864572844848,2.1856606789140143e-46,0.13439864572844848,0.013550305181723676,0.15120753484531158,0.013550305181723676,11221.0
1,1,health,-0.11161288539048397,1.2295676168338136e-32,0.11161288539048397,-0.07187551630247338,2.054805442033758e-14,0.07187551630247338,11293.0
1,1,housing,0.030380975342614712,0.0012425455310231545,0.030380975342614712,0.10874032903222614,4.698175511789035e-31,0.10874032903222614,11293.0
1,1,income,-0.255587359995299,6.7968886600086385e-168,0.255587359995299,-0.14029681250527243,9.680548439692114e-51,0.14029681250527243,11293.0
1,1,living,-0.006122285408611711,0.5153432562529194,0.006122285408611711,0.13481618084410374,5.904696666112573e-47,0.13481618084410374,11293.0
1,2,IMD,-0.1913245340057219,1.4463153542967064e-93,0.1913245340057219,-0.08541010632933733,9.721723076724563e-20,0.08541010632933733,11293.0
1,2,children,-0.2708068173973955,5.027325211385535e-189,0.2708068173973955,-0.14315694249772742,8.88677584072512e-53,0.14315694249772742,11293.0
1,2,crime,-0.44595063444754507,0.0,0.44595063444754507,-0.30313982260917,1.132601304051423e-238,0.30313982260917,11293.0
1,2,education,-0.07859729596154823,6.040330886616106e-17,0.07859729596154823,-0.06495739122282274,4.865026355935109e-12,0.06495739122282274,11293.0
1,2,employment,-0.1594016862431765,3.704296515295644e-65,0.1594016862431765,-0.07496606048545472,1.5008239942031425e-15,0.07496606048545472,11293.0
1,2,environment,-0.2109104247557359,4.9992645785463073e-113,0.2109104247557359,-0.02487031365957109,0.008423476223269714,0.02487031365957109,11221.0
1,2,health,-0.1370425081074828,1.7875794155062596e-48,0.1370425081074828,-0.0772158621895882,2.086968221890708e-16,0.0772158621895882,11293.0
1,2,housing,-0.022982238565288,0.014592361409551861,0.022982238565288,0.08663658606146732,2.887176733676899e-20,0.08663658606146732,11293.0
1,2,income,-0.27875925221931624,1.2533357783958113e-200,0.27875925221931624,-0.14794515420029006,2.774022535827952e-56,0.14794515420029006,11293.0
1,2,living,-0.08786504800075243,8.411436355233764e-21,0.08786504800075243,0.09817415772805531,1.3618833216699523e-25,0.09817415772805531,11293.0
1,3,IMD,-0.29274980348490315,3.41750037164618e-222,0.29274980348490315,-0.15215605891298162,1.6226827996143034e-59,0.15215605891298162,11303.0
1,3,children,-0.35478577371262005,0.0,0.35478577371262005,-0.20405390770107124,1.5764322419937293e-106,0.20405390770107124,11303.0
1,3,crime,-0.4923455001162977,0.0,0.4923455001162977,-0.34426616803193,5.80038858366e-312,0.34426616803193,11303.0
1,3,education,-0.16474400332763417,1.3620839424753233e-69,0.16474400332763417,-0.12101322443190829,3.8696630626380725e-38,0.12101322443190829,11303.0
1,3,employment,-0.26111264890024255,1.4761443325252253e-175,0.26111264890024255,-0.1395149799790431,3.1082259063057685e-50,0.1395149799790431,11303.0
1,3,environment,-0.2409519164064187,4.501031870427686e-148,0.2409519164064187,-0.044646039639383614,2.209415902187525e-06,0.044646039639383614,11231.0
1,3,health,-0.2515060998355176,1.3184116434966797e-162,0.2515060998355176,-0.1504437861777209,3.283903798017103e-58,0.1504437861777209,11303.0
1,3,housing,0.015603809402560339,0.09714695516881643,0.015603809402560339,0.08600288546380652,5.218275378892341e-20,0.08600288546380652,11303.0
1,3,income,-0.37124417071046534,0.0,0.37124417071046534,-0.20677516483321004,2.1261685422062254e-109,0.20677516483321004,11303.0
1,3,living,-0.12764098850671293,2.8643111032440372e-42,0.12764098850671293,0.07216466608444763,1.5736551963691692e-14,0.07216466608444763,11303.0
1,4,IMD,-0.2865691257586497,1.8402855075104955e-212,0.2865691257586497,-0.14396092969598626,2.2633366484316894e-53,0.14396092969598626,11296.0
1,4,children,-0.35392358191631484,0.0,0.35392358191631484,-0.1899043118779315,3.288762936404606e-92,0.1899043118779315,11296.0
1,4,crime,-0.49057565709483264,0.0,0.49057565709483264,-0.33150270015683586,7.1127710358207e-288,0.33150270015683586,11296.0
1,4,education,-0.17142769797597074,3.078659793168781e-75,0.17142769797597074,-0.12261955072460078,4.2690630672580704e-39,0.12261955072460078,11296.0
1,4,employment,-0.263254457671396,2.06730134444495e-178,0.263254457671396,-0.13779828934177968,5.22710603719572e-49,0.13779828934177968,11296.0
1,4,environment,-0.22719540608048266,2.3644734116657e-131,0.22719540608048266,-0.04250564179820521,6.645874208646968e-06,0.04250564179820521,11224.0
1,4,health,-0.2357677294274818,1.7516227571449806e-142,0.2357677294274818,-0.13974869541731333,2.2832477840876165e-50,0.13974869541731333,11296.0
1,4,housing,0.0021684148682967375,0.817750170977229,0.0021684148682967375,0.08221925707276763,2.0898541179532078e-18,0.08221925707276763,11296.0
1,4,income,-0.36671440862756816,0.0,0.36671440862756816,-0.1939246275569193,3.791577576763928e-96,0.1939246275569193,11296.0
1,4,living,-0.1123801911676155,4.484693637465899e-33,0.1123801911676155,0.07562952853336088,8.36471337428977e-16,0.07562952853336088,11296.0
1,5,IMD,-0.34203726621871744,3.426558921803629e-307,0.34203726621871744,-0.16189586955073515,3.95560998630588e-67,0.16189586955073515,11284.0
1,5,children,-0.40396695294228147,0.0,0.40396695294228147,-0.20206503851689295,2.76463349291075e-104,0.20206503851689295,11284.0
1,5,crime,-0.5194801795994114,0.0,0.5194801795994114,-0.31033403350515143,1.981398227796592e-250,0.31033403350515143,11284.0
1,5,education,-0.21790294537822955,2.2970285102183884e-121,0.21790294537822955,-0.12826440337997416,1.3357235454016204e-42,0.12826440337997416,11284.0
1,5,employment,-0.3212583936454658,3.202030706374545e-269,0.3212583936454658,-0.1617259465813552,5.445128189498885e-67,0.1617259465813552,11284.0
1,5,environment,-0.25577250085253717,5.9596806426466946e-167,0.25577250085253717,-0.038016702631452126,5.662020767918123e-05,0.038016702631452126,11212.0
1,5,health,-0.3126340554744007,2.548864814305468e-254,0.3126340554744007,-0.1659907460154572,1.6079035137936588e-70,0.1659907460154572,11284.0
1,5,housing,0.03736896201221968,7.171930197483535e-05,0.03736896201221968,0.0827576411764413,1.3066571998561602e-18,0.0827576411764413,11284.0
1,5,income,-0.4192748494268061,0.0,0.4192748494268061,-0.20463959620501262,5.758369165806976e-107,0.20463959620501262,11284.0
1,5,living,-0.13547326608049132,2.3010613935272355e-47,0.13547326608049132,0.07212448759545068,1.7112635548646945e-14,0.07212448759545068,11284.0
1,6,IMD,-0.2612877355279309,9.420475159635336e-176,0.2612877355279309,-0.126724727182096,1.127355861969788e-41,0.126724727182096,11300.0
1,6,children,-0.3199124624983211,3.0771380160149812e-267,0.3199124624983211,-0.17024626002772886,3.0581719728990632e-74,0.17024626002772886,11300.0
1,6,crime,-0.44570756232308023,0.0,0.44570756232308023,-0.29237403983739146,1.5226209752128206e-221,0.29237403983739146,11300.0
1,6,education,-0.16694906959831873,2.0013242645947527e-71,0.16694906959831873,-0.10364827675775126,2.2791387492324877e-28,0.10364827675775126,11300.0
1,6,employment,-0.235851777212904,1.2318608844620046e-142,0.235851777212904,-0.12452783860968795,2.725604246576196e-40,0.12452783860968795,11300.0
1,6,environment,-0.1883823609583417,3.3090791431049724e-90,0.1883823609583417,-0.02323746706382713,0.01380288227826568,0.02323746706382713,11228.0
1,6,health,-0.22518391622015954,7.149755017058809e-130,0.22518391622015954,-0.12988510195663774,1.043660757942259e-43,0.12988510195663774,11300.0
1,6,housing,0.048696126504352205,2.231155467689784e-07,0.048696126504352205,0.09072445508055191,4.3296520223120065e-22,0.09072445508055191,11300.0
1,6,income,-0.3294092410966855,3.665374222758681e-284,0.3294092410966855,-0.17097457841242328,7.172075393548766e-75,0.17097457841242328,11300.0
1,6,living,-0.07841913757869459,6.942632893943459e-17,0.07841913757869459,0.07990868173893725,1.7837548648074957e-17,0.07990868173893725,11300.0
1,7,IMD,-0.27587560613033335,2.332599752482749e-196,0.27587560613033335,-0.10779242321794963,1.5397219682983979e-30,0.10779242321794963,11292.0
1,7,children,-0.34448140321434667,0.0,0.34448140321434667,-0.14576223979041847,1.1502560549613834e-54,0.14576223979041847,11292.0
1,7,crime,-0.4375567569978312,0.0,0.4375567569978312,-0.23300451579819176,4.555052331804764e-139,0.23300451579819176,11292.0
1,7,education,-0.20921657481506115,6.6782389331056065e-112,0.20921657481506115,-0.11270664564516428,3.0140468735570774e-33,0.11270664564516428,11292.0
1,7,employment,-0.2787266997013518,1.4586166707140638e-200,0.2787266997013518,-0.12360156000351072,1.0920588548156068e-39,0.12360156000351072,11292.0
1,7,environment,-0.16852909519911402,2.892350671167673e-72,0.16852909519911402,0.008466209591509672,0.36988159081799643,0.008466209591509672,11220.0
1,7,health,-0.2632399742342962,2.500196310372755e-178,0.2632399742342962,-0.1297279504039751,1.4142435361569284e-43,0.1297279504039751,11292.0
1,7,housing,0.10576170288485535,1.866465313826321e-29,0.10576170288485535,0.1264725940234917,1.738803166028671e-41,0.1264725940234917,11292.0
1,7,income,-0.3468983081494773,0.0,0.3468983081494773,-0.1424498614747588,2.8892856107056263e-52,0.1424498614747588,11292.0
1,7,living,-0.04506412290995399,1.6629206663793844e-06,0.04506412290995399,0.11112989478755626,2.298329546687874e-32,0.11112989478755626,11292.0
1,8,IMD,-0.3003764034412341,3.3106125228328482e-18,0.3003764034412341,-0.1772328932591081,4.3143676766888273e-07,0.1772328932591081,803.0
1,8,children,-0.3518005875130187,8.313033190007273e-25,0.3518005875130187,-0.21632882731927633,5.861669921728354e-10,0.21632882731927633,803.0
1,8,crime,-0.3812100942592682,3.5709702083336553e-29,0.3812100942592682,-0.25166928171188285,4.576736658032571e-13,0.25166928171188285,803.0
1,8,education,-0.2812320106886708,4.608403826839828e-16,0.2812320106886708,-0.19714878315117615,1.767621204606216e-08,0.19714878315117615,803.0
1,8,employment,-0.31060577996197775,2.0263275536694404e-19,0.31060577996197775,-0.18267679791834868,1.8639677665241247e-07,0.18267679791834868,803.0
1,8,environment,-0.18684154267857309,1.0375506806374975e-07,0.18684154267857309,-0.09915699700487443,0.00502606946214863,0.09915699700487443,799.0
1,8,health,-0.2969410635324559,8.253529631101655e-18,0.2969410635324559,-0.19368455039029614,3.158628405467912e-08,0.19368455039029614,803.0
1,8,housing,0.18803514737301072,7.959115060501928e-08,0.18803514737301072,0.08282757057233811,0.018900666325090142,0.08282757057233811,803.0
1,8,income,-0.35157554804332175,8.94230798230272e-25,0.35157554804332175,-0.19268837009594234,3.725208375967993e-08,0.19268837009594234,803.0
1,8,living,-0.06560556423950971,0.06314236160510611,0.06560556423950971,0.04620780516177031,0.1908525114696057,0.04620780516177031,803.0
1,9,IMD,-0.32613482034500996,8.566644871099274e-278,0.32613482034500996,-0.07986695449225582,1.971401941045843e-17,0.07986695449225582,11281.0
1,9,children,-0.3796124067328823,0.0,0.3796124067328823,-0.09458801968182151,7.663292649882505e-24,0.09458801968182151,11281.0
1,9,crime,-0.45402776710381315,0.0,0.45402776710381315,-0.13586857355785206,1.2739798357853688e-47,0.13586857355785206,11281.0
1,9,education,-0.23349448657298869,1.5816226605397069e-139,0.23349448657298869,-0.08615212793612696,4.889608472717453e-20,0.08615212793612696,11281.0
1,9,employment,-0.31599083103391756,5.4201872364120526e-260,0.31599083103391756,-0.08732238756247664,1.5225182499886082e-20,0.08732238756247664,11281.0
1,9,environment,-0.217098535767277,1.0959594621313578e-119,0.217098535767277,0.007609225213482201,0.4204931676149368,0.007609225213482201,11210.0
1,9,health,-0.2915420673275692,7.137850654420895e-220,0.2915420673275692,-0.08412942853825858,3.540704892856264e-19,0.08412942853825858,11281.0
1,9,housing,0.030843301187538832,0.0010515937379638783,0.030843301187538832,0.054660769725814615,6.272249015686689e-09,0.054660769725814615,11281.0
1,9,income,-0.3895085499461137,0.0,0.3895085499461137,-0.09502687354667609,4.7510354242546644e-24,0.09502687354667609,11281.0
1,9,living,-0.11423501187984758,4.400846585625968e-34,0.11423501187984758,0.06664159418270091,1.3881058976210692e-12,0.06664159418270091,11281.0
2,1,IMD,-0.39954249437818035,0.0,0.39954249437818035,-0.20015265338756835,2.903886047327428e-102,0.20015265338756835,11278.0
2,1,children,-0.45245159208560365,0.0,0.45245159208560365,-0.2455986485882003,1.4111507997598903e-154,0.2455986485882003,11278.0
2,1,crime,-0.5776374961730872,0.0,0.5776374961730872,-0.36485017018361426,0.0,0.36485017018361426,11278.0
2,1,education,-0.2313846606655888,6.002774330088046e-137,0.2313846606655888,-0.14386162423575358,3.2263559753084e-53,0.14386162423575358,11278.0
2,1,employment,-0.361421021247033,0.0,0.361421021247033,-0.1915708325095226,1.1009346707335478e-93,0.1915708325095226,11278.0
2,1,environment,-0.28700631942669474,1.1262544800293547e-211,0.28700631942669474,-0.06961215710207268,1.5697654217465588e-13,0.06961215710207268,11218.0
2,1,health,-0.36939878337551374,0.0,0.36939878337551374,-0.20694451777161,2.4305974623775823e-109,0.20694451777161,11278.0
2,1,housing,0.013826439121278082,0.1420372460469287,0.013826439121278082,0.07196057911983736,1.992092341510851e-14,0.07196057911983736,11278.0
2,1,income,-0.4770983086796526,0.0,0.4770983086796526,-0.24777029592219466,2.2507765388199894e-157,0.24777029592219466,11278.0
2,1,living,-0.1695181218124985,1.7865042233621724e-73,0.1695181218124985,0.040864283516877126,1.4181351795173738e-05,0.040864283516877126,11278.0
2,2,IMD,-0.32863704537927585,9.726335670660142e-283,0.32863704537927585,-0.18282423128986502,1.644838527734724e-85,0.18282423128986502,11299.0
2,2,children,-0.38478891291763617,0.0,0.38478891291763617,-0.23433703357741756,9.018969052622931e-141,0.23433703357741756,11299.0
2,2,crime,-0.5389699450047156,0.0,0.5389699450047156,-0.37413047391621385,0.0,0.37413047391621385,11299.0
2,2,education,-0.17077954312024501,1.0740561572322471e-74,0.17077954312024501,-0.1291915643839395,2.970780188553399e-43,0.1291915643839395,11299.0
2,2,employment,-0.2849692283295347,4.508571660965571e-210,0.2849692283295347,-0.16836804958704876,1.267218766222298e-72,0.16836804958704876,11299.0
2,2,environment,-0.26989427913863767,1.2392263621597118e-186,0.26989427913863767,-0.0789437218394229,5.4373991192608895e-17,0.0789437218394229,11227.0
2,2,health,-0.2913705983093994,5.946130782193766e-220,0.2913705983093994,-0.178804372855454,8.172441110861788e-82,0.178804372855454,11299.0
2,2,housing,0.016659561315805305,0.07659658493499417,0.016659561315805305,0.07840855621208881,7.031296688160751e-17,0.07840855621208881,11299.0
2,2,income,-0.40473455577240725,0.0,0.40473455577240725,-0.23370987604312107,5.22544709870902e-140,0.23370987604312107,11299.0
2,2,living,-0.15552804441096374,4.1151151753057165e-62,0.15552804441096374,0.04555165550409611,1.2726904212174363e-06,0.04555165550409611,11299.0
2,3,IMD,-0.4538701438859356,0.0,0.4538701438859356,-0.26025647921387407,6.584939708293214e-174,0.26025647921387407,11272.0
2,3,children,-0.4991783819213489,0.0,0.4991783819213489,-0.29599850767145475,1.0180432303027445e-226,0.29599850767145475,11272.0
2,3,crime,-0.5544627151667697,0.0,0.5544627151667697,-0.37081488500987475,0.0,0.37081488500987475,11272.0
2,3,education,-0.3258335175891833,4.909743739690575e-277,0.3258335175891833,-0.2085368090227816,5.591094969984005e-111,0.2085368090227816,11272.0
2,3,employment,-0.4405113106859822,0.0,0.4405113106859822,-0.25975409973832103,3.1994000006976405e-173,0.25975409973832103,11272.0
2,3,environment,-0.2666655695313888,1.0800527164476363e-181,0.2666655695313888,-0.10780651882362488,2.555465375763722e-30,0.10780651882362488,11203.0
2,3,health,-0.43648429630565627,0.0,0.43648429630565627,-0.2827941056844923,2.764374985878763e-206,0.2827941056844923,11272.0
2,3,housing,0.06449600743805266,7.186477851055329e-12,0.06449600743805266,0.08398101534445337,4.220675422581378e-19,0.08398101534445337,11272.0
2,3,income,-0.5163842857924736,0.0,0.5163842857924736,-0.29525860021654726,1.520515857601321e-225,0.29525860021654726,11272.0
2,3,living,-0.14146922279816943,1.7724000919833647e-51,0.14146922279816943,0.003914463954625491,0.677737219965813,0.003914463954625491,11272.0
2,4,IMD,-0.33739255581217914,7.703551987473434e-299,0.33739255581217914,-0.18451570491285932,4.312186116550715e-87,0.18451570491285932,11299.0
2,4,children,-0.3939244940881124,0.0,0.3939244940881124,-0.22594730392696885,9.41963844609639e-131,0.22594730392696885,11299.0
2,4,crime,-0.5219325354516349,0.0,0.5219325354516349,-0.34551883163009484,2.922124328e-314,0.34551883163009484,11299.0
2,4,education,-0.18678145203226995,3.1048203479068256e-89,0.18678145203226995,-0.1401625212763861,1.1338160274066357e-50,0.1401625212763861,11299.0
2,4,employment,-0.2977167583705857,5.281355954426612e-230,0.2977167583705857,-0.16694050815926198,2.064003445882706e-71,0.16694050815926198,11299.0
2,4,environment,-0.28641635396894727,6.0646642538026764e-211,0.28641635396894727,-0.08698731386572321,2.6207416297393435e-20,0.08698731386572321,11227.0
2,4,health,-0.289296122363896,1.009989331955531e-216,0.289296122363896,-0.17709133521688547,2.890603830419221e-80,0.17709133521688547,11299.0
2,4,housing,-0.016945318866670504,0.07167728226273286,0.016945318866670504,0.05313967581171779,1.5864375557716525e-08,0.05313967581171779,11299.0
2,4,income,-0.4137833321137395,0.0,0.4137833321137395,-0.23025433742853807,7.607135824950058e-136,0.23025433742853807,11299.0
2,4,living,-0.17918743907628285,3.663412672537391e-82,0.17918743907628285,0.023559124594613984,0.01226839012503149,0.023559124594613984,11299.0
2,5,IMD,-0.36310873484789624,0.0,0.36310873484789624,-0.19800415994157505,2.923396099137331e-100,0.19800415994157505,11299.0
2,5,children,-0.4098927611273295,0.0,0.4098927611273295,-0.23884551011164384,2.530838647547214e-146,0.23884551011164384,11299.0
2,5,crime,-0.5322877445953802,0.0,0.5322877445953802,-0.35909827974712805,0.0,0.35909827974712805,11299.0
2,5,education,-0.22144955689602208,1.5105710486003893e-125,0.22144955689602208,-0.15636204919723556,9.079730776023525e-63,0.15636204919723556,11299.0
2,5,employment,-0.3313838454696747,9.849754179507508e-288,0.3313838454696747,-0.18716231310249015,1.346252195424503e-89,0.18716231310249015,11299.0
2,5,environment,-0.2795530212580535,1.2187472659903819e-200,0.2795530212580535,-0.08240197230515556,2.2299102186845374e-18,0.08240197230515556,11227.0
2,5,health,-0.3315150408912451,5.669931359904789e-288,0.3315150408912451,-0.1993951157963852,1.1249379142710586e-101,0.1993951157963852,11299.0
2,5,housing,0.03010845471819579,0.001370454170809172,0.03010845471819579,0.07858641228815844,5.986267462681721e-17,0.07858641228815844,11299.0
2,5,income,-0.43357476487160057,0.0,0.43357476487160057,-0.24179352600856063,5.116847326744036e-150,0.24179352600856063,11299.0
2,5,living,-0.1694922927700783,1.3830043958993432e-73,0.1694922927700783,0.03240802558661782,0.0005702323018852815,0.03240802558661782,11299.0
2,6,IMD,-0.32243816935854824,1.2427539855533166e-271,0.32243816935854824,-0.16351375099415763,1.53252971433124e-68,0.16351375099415763,11298.0
2,6,children,-0.3741594968304649,0.0,0.3741594968304649,-0.20386848474149388,2.7411066274676e-106,0.20386848474149388,11298.0
2,6,crime,-0.4789836205655447,0.0,0.4789836205655447,-0.30791623745832636,1.1123317744439658e-246,0.30791623745832636,11298.0
2,6,education,-0.24170123499340995,6.894707187260966e-150,0.24170123499340995,-0.15180127207113084,3.2176719197282623e-59,0.15180127207113084,11298.0
2,6,employment,-0.3076145596327018,3.546496068493744e-246,0.3076145596327018,-0.16613809730563464,9.936264160031436e-71,0.16613809730563464,11298.0
2,6,environment,-0.21623044308627123,6.846439597383815e-119,0.21623044308627123,-0.030199008326019166,0.0013740680915827975,0.030199008326019166,11226.0
2,6,health,-0.3057616530014603,4.262300728227376e-243,0.3057616530014603,-0.181106654105012,6.506756763620003e-84,0.181106654105012,11298.0
2,6,housing,0.07969224471709238,2.1906682817762806e-17,0.07969224471709238,0.11054243782613969,4.685692999292395e-32,0.11054243782613969,11298.0
2,6,income,-0.38649829984916656,0.0,0.38649829984916656,-0.19843677370926802,1.0858174896630146e-100,0.19843677370926802,11298.0
2,6,living,-0.11111094128694012,2.2679962007511784e-32,0.11111094128694012,0.07755965042873895,1.5126849826131944e-16,0.07755965042873895,11298.0
2,7,IMD,-0.22641684998325995,1.1828324063064515e-83,0.22641684998325995,-0.10871033886985049,3.25293524513258e-20,0.10871033886985049,7138.0
2,7,children,-0.2595964168517303,2.814525614678032e-110,0.2595964168517303,-0.1294935341084914,4.520324939680004e-28,0.1294935341084914,7138.0
2,7,crime,-0.3081149701544296,8.310180433810325e-157,0.3081149701544296,-0.19231463959690906,1.9609727819858223e-60,0.19231463959690906,7138.0
2,7,education,-0.16904511774734512,6.598580784923738e-47,0.16904511774734512,-0.10245402918869619,4.051794053414637e-18,0.10245402918869619,7138.0
2,7,employment,-0.22927956959430826,8.616844616038078e-86,0.22927956959430826,-0.11261987216237607,1.3797521143492584e-21,0.11261987216237607,7138.0
2,7,environment,-0.1742566791799992,1.844801778835308e-49,0.1742566791799992,-0.040335924432119766,0.0006803085811256947,0.040335924432119766,7091.0
2,7,health,-0.218645389242397,5.332622004051319e-78,0.218645389242397,-0.12342379191651733,1.2392273412471532e-25,0.12342379191651733,7138.0
2,7,housing,0.0658417502055913,2.579474977156238e-08,0.0658417502055913,0.07079258419151338,2.1309603845940026e-09,0.07079258419151338,7138.0
2,7,income,-0.26715639829324656,6.400174103947511e-117,0.26715639829324656,-0.12832707608275526,1.3580683296450704e-27,0.12832707608275526,7138.0
2,7,living,-0.10108836503561223,1.1183252927517993e-17,0.10108836503561223,0.033045094807002115,0.005236003734483525,0.033045094807002115,7138.0
2,8,IMD,-0.36807260378735146,0.0,0.36807260378735146,-0.1971513999826484,2.397357873903655e-99,0.1971513999826484,11293.0
2,8,children,-0.42573771116987497,0.0,0.42573771116987497,-0.2412596392829209,2.884337182080007e-149,0.2412596392829209,11293.0
2,8,crime,-0.5366217154885748,0.0,0.5366217154885748,-0.3544218226182326,0.0,0.3544218226182326,11293.0
2,8,education,-0.22085278035687153,8.440832650727025e-125,0.22085278035687153,-0.13996326881674762,1.662294226589686e-50,0.13996326881674762,11293.0
2,8,employment,-0.32354839116719386,1.7740164536661672e-273,0.32354839116719386,-0.18221574062774865,6.688727569044364e-85,0.18221574062774865,11293.0
2,8,environment,-0.26635409908648583,1.5158526259221535e-181,0.26635409908648583,-0.07667647830540614,4.175866104926963e-16,0.07667647830540614,11221.0
2,8,health,-0.31620395701321696,1.2369680374217396e-260,0.31620395701321696,-0.1934428544989517,1.2031566319489403e-95,0.1934428544989517,11293.0
2,8,housing,-0.03377660781954572,0.0003306559662244764,0.03377660781954572,0.047796556408055406,3.742459409278759e-07,0.047796556408055406,11293.0
2,8,income,-0.44120979765181706,0.0,0.44120979765181706,-0.24392817835052508,1.2086722456216115e-152,0.24392817835052508,11293.0
2,8,living,-0.1523524599089184,1.2900902992102705e-59,0.1523524599089184,0.030306130911567187,0.001277569836050497,0.030306130911567187,11293.0
2,9,IMD,-0.33220207983444255,3.130559559368865e-289,0.33220207983444255,-0.1676328914912258,5.349242131940005e-72,0.1676328914912258,11299.0
2,9,children,-0.39130715794673054,0.0,0.39130715794673054,-0.21888723438098973,1.2387802895745957e-122,0.21888723438098973,11299.0
2,9,crime,-0.5382412480378345,0.0,0.5382412480378345,-0.3677734939966869,0.0,0.3677734939966869,11299.0
2,9,education,-0.1925419142674264,8.290987222294474e-95,0.1925419142674264,-0.12480549594593941,1.8425141148668523e-40,0.12480549594593941,11299.0
2,9,employment,-0.2922881481153358,2.1719160830434306e-221,0.2922881481153358,-0.1502628026079986,4.714806684152037e-58,0.1502628026079986,11299.0
2,9,environment,-0.25828924142940224,1.491853351392382e-170,0.25828924142940224,-0.06229643842933249,3.936204050427963e-11,0.06229643842933249,11227.0
2,9,health,-0.29218823107572534,3.11622057510966e-221,0.29218823107572534,-0.1656611778733092,2.463412667549135e-70,0.1656611778733092,11299.0
2,9,housing,0.013168144253329987,0.16162210379455366,0.013168144253329987,0.07833170833454381,7.536687900435005e-17,0.07833170833454381,11299.0
2,9,income,-0.4104229134140359,0.0,0.4104229134140359,-0.22183219427879178,5.5056725258704204e-126,0.22183219427879178,11299.0
2,9,living,-0.14508525357378882,3.3379164967213387e-54,0.14508525357378882,0.05080115482079945,6.557604635912389e-08,0.05080115482079945,11299.0
2,10,IMD,0.03320557575206463,0.9227898317608849,0.03320557575206463,0.38378382925403004,0.24393127702529616,0.38378382925403004,11.0
2,10,children,-0.555007480427366,0.07635547473287312,0.555007480427366,-0.11670722355627035,0.732555040299077,0.11670722355627035,11.0
2,10,crime,-0.517058250996435,0.10336966080987285,0.517058250996435,-0.5445907445971189,0.08323665304517604,0.5445907445971189,11.0
2,10,education,-0.1944898008335214,0.5666106649338483,0.1944898008335214,-0.0839379470908549,0.8061727747699727,0.0839379470908549,11.0
2,10,employment,-0.5075709436387023,0.11098017006520218,0.5075709436387023,-0.1375907868460448,0.6866352214534054,0.1375907868460448,11.0
2,10,environment,-0.014230961036599129,0.966875169170368,0.014230961036599129,0.14780939864363285,0.6644976748531268,0.14780939864363285,11.0
2,10,health,-0.555007480427366,0.07635547473287312,0.555007480427366,-0.1915659644449535,0.5725708005043755,0.1915659644449535,11.0
2,10,housing,0.20397710819125414,0.5474421089929087,0.20397710819125414,0.6714565864617161,0.02367412067367308,0.6714565864617161,11.0
2,10,income,-0.555007480427366,0.07635547473287312,0.555007480427366,-0.15846089200509433,0.641675884310001,0.15846089200509433,11.0
2,10,living,-0.014230961036599129,0.966875169170368,0.014230961036599129,0.30249730096548044,0.3659155529904585,0.30249730096548044,11.0
2,11,IMD,-0.26150051467335733,6.836047814578105e-176,0.26150051467335733,-0.1330473319646374,9.364440672661735e-46,0.1330473319646374,11290.0
2,11,children,-0.29547975941788057,2.978181367130688e-226,0.29547975941788057,-0.15745352521564976,1.38947910526336e-63,0.15745352521564976,11290.0
2,11,crime,-0.3900727796463971,0.0,0.3900727796463971,-0.252818080980077,3.719947568186552e-164,0.252818080980077,11290.0
2,11,education,-0.1635451551712987,1.6094962410289722e-68,0.1635451551712987,-0.10881988541260673,4.33000609142321e-31,0.10881988541260673,11290.0
2,11,employment,-0.2503067033945734,7.607335034260825e-161,0.2503067033945734,-0.12857533416828074,8.015276419479027e-43,0.12857533416828074,11290.0
2,11,environment,-0.22593776662480705,8.09760709997359e-130,0.22593776662480705,-0.06753348940708521,8.056444598025596e-13,0.06753348940708521,11218.0
2,11,health,-0.24544530738017292,1.5272216988818273e-154,0.24544530738017292,-0.14194469562241346,6.7713946796901e-52,0.14194469562241346,11290.0
2,11,housing,0.05706032230049194,1.301732785714031e-09,0.05706032230049194,0.0808625048613235,7.62234832575081e-18,0.0808625048613235,11290.0
2,11,income,-0.31532991679952455,4.624814078096526e-259,0.31532991679952455,-0.16086545799102023,2.524912324628379e-66,0.16086545799102023,11290.0
2,11,living,-0.1315452404162739,9.287801752670824e-45,0.1315452404162739,0.015280221556909257,0.10448129117681029,0.015280221556909257,11290.0
2,12,IMD,-0.30172627621872683,1.7337323479791376e-236,0.30172627621872683,-0.176842141652815,4.841177667617579e-80,0.176842141652815,11299.0
2,12,children,-0.35268935696486303,0.0,0.35268935696486303,-0.21952572224315353,2.3463557307079274e-123,0.21952572224315353,11299.0
2,12,crime,-0.4826666426750082,0.0,0.4826666426750082,-0.34580200169171266,8.31677973e-315,0.34580200169171266,11299.0
2,12,education,-0.17446341175109478,6.397878196255771e-78,0.17446341175109478,-0.13274257615918522,1.3793330485553225e-45,0.13274257615918522,11299.0
2,12,employment,-0.26742579169061553,2.630990500986624e-184,0.26742579169061553,-0.16246268750208318,1.1110016201467466e-67,0.16246268750208318,11299.0
2,12,environment,-0.24528704617357686,1.7252012788421515e-153,0.24528704617357686,-0.07690741909755837,3.3474537014801314e-16,0.07690741909755837,11227.0
2,12,health,-0.2701657047529385,3.3187523811191096e-188,0.2701657047529385,-0.17731824276634633,1.8061968802670332e-80,0.17731824276634633,11299.0
2,12,housing,0.016936095630151058,0.07183191671924213,0.016936095630151058,0.07108583930938406,3.880765513516749e-14,0.07108583930938406,11299.0
2,12,income,-0.37193583845910194,0.0,0.37193583845910194,-0.22362556016741916,4.73496583330998e-128,0.22362556016741916,11299.0
2,12,living,-0.1468486751698772,1.690086238775101e-55,0.1468486751698772,0.03219061106858577,0.0006210158209767282,0.03219061106858577,11299.0
2,13,IMD,0.1357516043822808,0.17369277261298988,0.1357516043822808,0.2492781427655434,0.01151801576569672,0.2492781427655434,102.0
2,13,children,0.07769516824145868,0.43763906330280733,0.07769516824145868,0.1874283322783874,0.05924683671340877,0.1874283322783874,102.0
2,13,crime,0.16796998515567538,0.09150373633459923,0.16796998515567538,0.1437194844860877,0.1495565503701997,0.1437194844860877,102.0
2,13,education,0.11150863036634513,0.26451367801810394,0.11150863036634513,0.21512206032521786,0.029905523868270573,0.21512206032521786,102.0
2,13,employment,0.12805901346728485,0.19960378296061038,0.12805901346728485,0.31613828613956513,0.0012082342661343336,0.31613828613956513,102.0
2,13,environment,0.0067423296843199445,0.9463781298030052,0.0067423296843199445,0.03130537100026364,0.7547755482169494,0.03130537100026364,102.0
2,13,health,0.16987050761702735,0.08784196745584515,0.16987050761702735,0.31451429554100613,0.0012845876310679575,0.31451429554100613,102.0
2,13,housing,-0.1553450859481233,0.11898384856432925,0.1553450859481233,-0.20278776619500977,0.04094319519507472,0.20278776619500977,102.0
2,13,income,0.170447451935652,0.08675369400143365,0.170447451935652,0.2978479215042685,0.002362929577588017,0.2978479215042685,102.0
2,13,living,-0.005735505285151363,0.9543760662064096,0.005735505285151363,0.005371278206185742,0.9572705427717025,0.005371278206185742,102.0
3,1,IMD,-0.12498130860213932,1.4076467773620042e-40,0.12498130860213932,-0.05595714122074814,2.639240272907897e-09,0.05595714122074814,11301.0
3,1,children,-0.1836730774510726,2.567432944763661e-86,0.1836730774510726,-0.10194924391103924,1.693124427824692e-27,0.10194924391103924,11301.0
3,1,crime,-0.34897898046935794,0.0,0.34897898046935794,-0.2617073966284696,2.3986703176786435e-176,0.2617073966284696,11301.0
3,1,education,-0.03726224055449669,7.427987133366418e-05,0.03726224055449669,-0.035631593753993746,0.00015147303647204802,0.035631593753993746,11301.0
3,1,employment,-0.0971173504854792,4.29568486348465e-25,0.0971173504854792,-0.03474637109032712,0.00022035436297981095,0.03474637109032712,11301.0
3,1,environment,-0.1544330060676675,6.899328689682865e-61,0.1544330060676675,-0.026333754147348162,0.005259719263918906,0.026333754147348162,11229.0
3,1,health,-0.0939652450910192,1.3756753193901008e-23,0.0939652450910192,-0.05262311892745874,2.1756364379027173e-08,0.05262311892745874,11301.0
3,1,housing,-0.00931132100248296,0.32229009254378693,0.00931132100248296,0.04590005129176431,1.0528660722814952e-06,0.04590005129176431,11301.0
3,1,income,-0.1997865953160502,4.298288444968255e-102,0.1997865953160502,-0.1088804237561194,3.757198510410216e-31,0.1088804237561194,11301.0
3,1,living,-0.08304067674313277,9.39923443091555e-19,0.08304067674313277,0.06214323335942785,3.794990206231177e-11,0.06214323335942785,11301.0
3,2,IMD,-0.2712816720990236,8.311832088675373e-190,0.2712816720990236,-0.12998743527393883,9.027695893200495e-44,0.12998743527393883,11299.0
3,2,children,-0.33312143196412936,6.415409862072375e-291,0.33312143196412936,-0.17904772214452364,4.9099216193965135e-82,0.17904772214452364,11299.0
3,2,crime,-0.4643921373524292,0.0,0.4643921373524292,-0.3157769206452861,4.909749682699144e-260,0.3157769206452861,11299.0
3,2,education,-0.14867767318414152,7.362555104797289e-57,0.14867767318414152,-0.10630107317000219,9.286138699480142e-30,0.10630107317000219,11299.0
3,2,employment,-0.25307239534540393,1.2695931365193848e-164,0.25307239534540393,-0.12780400950321663,2.3279132206358897e-42,0.12780400950321663,11299.0
3,2,environment,-0.22511605581057473,5.74365488717818e-129,0.22511605581057473,-0.02946374601322259,0.0017948288215850815,0.02946374601322259,11227.0
3,2,health,-0.24703360338291058,1.0394844536726834e-156,0.24703360338291058,-0.14310687012378412,9.071936822362001e-53,0.14310687012378412,11299.0
3,2,housing,0.04076795966914513,1.4587652418383101e-05,0.04076795966914513,0.1051636381181847,3.708067993246062e-29,0.1051636381181847,11299.0
3,2,income,-0.3504193214158266,0.0,0.3504193214158266,-0.18326179608601145,6.434474323449769e-86,0.18326179608601145,11299.0
3,2,living,-0.10956322254086209,1.6110107096298182e-31,0.10956322254086209,0.09008996771961597,8.414010062485719e-22,0.09008996771961597,11299.0
3,3,IMD,-0.27844002148673014,4.74936454505351e-200,0.27844002148673014,-0.1445679219103687,9.031222277551366e-54,0.1445679219103687,11287.0
3,3,children,-0.34016728738495083,9.860112222523027e-304,0.34016728738495083,-0.18872962207519928,5.273700948141023e-91,0.18872962207519928,11287.0
3,3,crime,-0.45430582553357957,0.0,0.45430582553357957,-0.30445074602596794,1.0656548998652777e-240,0.30445074602596794,11287.0
3,3,education,-0.15993219364315234,1.4959665257537655e-65,0.15993219364315234,-0.11426308140040332,4.076410193407562e-34,0.11426308140040332,11287.0
3,3,employment,-0.26323567391938024,3.03394984535988e-178,0.26323567391938024,-0.14138672666579172,1.7419094634246996e-51,0.14138672666579172,11287.0
3,3,environment,-0.21540787618479532,7.218406534645947e-118,0.21540787618479532,-0.04888288954009175,2.2276658162534602e-07,0.04888288954009175,11215.0
3,3,health,-0.2551233020571922,3.48746809065543e-167,0.2551233020571922,-0.14972332914411113,1.381836991222547e-57,0.14972332914411113,11287.0
3,3,housing,0.03248234830706344,0.000557556770243919,0.03248234830706344,0.07669329149757861,3.3771536194936724e-16,0.07669329149757861,11287.0
3,3,income,-0.3513432693511332,0.0,0.3513432693511332,-0.18573952117863615,3.737159628226186e-88,0.18573952117863615,11287.0
3,3,living,-0.10319705141887314,4.183695650567935e-28,0.10319705141887314,0.05983155102861921,1.997710380503249e-10,0.05983155102861921,11287.0
3,4,IMD,-0.24319805478571835,7.785651850598002e-152,0.24319805478571835,-0.1272087848889548,5.4550557823485725e-42,0.1272087848889548,11302.0
3,4,children,-0.29747409799328844,1.1256696737811655e-229,0.29747409799328844,-0.16651548764701204,4.5190296331032456e-71,0.16651548764701204,11302.0
3,4,crime,-0.40610142556327183,0.0,0.40610142556327183,-0.27569098657944274,2.927393148864983e-196,0.27569098657944274,11302.0
3,4,education,-0.16503605527006268,7.879514031497521e-70,0.16503605527006268,-0.11794638118143085,2.6680957704973184e-36,0.11794638118143085,11302.0
3,4,employment,-0.23895898037779084,1.673590063589304e-146,0.23895898037779084,-0.12978342887313482,1.1949840864105256e-43,0.12978342887313482,11302.0
3,4,environment,-0.1966941235091953,2.4049329667608637e-98,0.1966941235091953,-0.03794024969363382,5.780591464291134e-05,0.03794024969363382,11230.0
3,4,health,-0.23030771641316009,6.051657683303345e-136,0.23030771641316009,-0.13760373924758362,6.7265129385889705e-49,0.13760373924758362,11302.0
3,4,housing,0.09930108502303854,3.620215378488833e-26,0.09930108502303854,0.11073559568177974,3.5734992257445757e-32,0.11073559568177974,11302.0
3,4,income,-0.30454392473818065,3.6049040980896724e-241,0.30454392473818065,-0.16202416239919035,2.443416699178096e-67,0.16202416239919035,11302.0
3,4,living,-0.0846439780944813,1.99113384069758e-19,0.0846439780944813,0.05956138661687313,2.343607206336113e-10,0.05956138661687313,11302.0
3,6,IMD,-0.21081851067789195,0.7891814893221081,0.21081851067789195,-0.46862136354922124,0.5313786364507787,0.46862136354922124,4.0
3,6,children,-0.632455532033676,0.367544467966324,0.632455532033676,-0.5998984269679828,0.4001015730320171,0.5998984269679828,4.0
3,6,crime,0.21081851067789195,0.7891814893221081,0.21081851067789195,0.13354763677946027,0.8664523632205399,0.13354763677946027,4.0
3,6,education,-0.632455532033676,0.367544467966324,0.632455532033676,-0.5540608704743845,0.4459391295256155,0.5540608704743845,4.0
3,6,employment,-0.632455532033676,0.367544467966324,0.632455532033676,-0.5508263746872463,0.4491736253127537,0.5508263746872463,4.0
3,6,environment,0.632455532033676,0.367544467966324,0.632455532033676,0.5999898001761366,0.40001019982386343,0.5999898001761366,4.0
3,6,health,-0.21081851067789195,0.7891814893221081,0.21081851067789195,-0.5027187598596851,0.49728124014031494,0.5027187598596851,4.0
3,6,housing,0.632455532033676,0.367544467966324,0.632455532033676,0.41403427092715117,0.5859657290728489,0.41403427092715117,4.0
3,6,income,-0.21081851067789195,0.7891814893221081,0.21081851067789195,-0.4517528779160315,0.5482471220839684,0.4517528779160315,4.0
3,6,living,0.632455532033676,0.367544467966324,0.632455532033676,0.18759573901433255,0.8124042609856672,0.18759573901433255,4.0
3,7,IMD,-0.0939040677791766,1.5787682262972887e-23,0.0939040677791766,-0.03424183065651919,0.0002745462349788954,0.03424183065651919,11285.0
3,7,children,-0.16506855441114662,9.368246882518094e-70,0.16506855441114662,-0.08748070646923987,1.2786228037482797e-20,0.08748070646923987,11285.0
3,7,crime,-0.32176282876238843,3.93315771634836e-270,0.32176282876238843,-0.231609701826642,2.6571825971575285e-137,0.231609701826642,11285.0
3,7,education,-0.004315019808092563,0.6467083983326924,0.004315019808092563,-0.013496728649543441,0.1516647891057626,0.013496728649543441,11285.0
3,7,employment,-0.05489663206654642,5.363850979102993e-09,0.05489663206654642,-0.011919825397918037,0.20545642776941822,0.011919825397918037,11285.0
3,7,environment,-0.13486594247520584,1.1427133049716823e-46,0.13486594247520584,-0.017879413482903013,0.05832897279078661,0.017879413482903013,11213.0
3,7,health,-0.03513021921494354,0.000189473684017916,0.03513021921494354,-0.02335680365311307,0.013091243526339192,0.02335680365311307,11285.0
3,7,housing,-0.060705125539772926,1.0893798528610307e-10,0.060705125539772926,0.030615169490735557,0.0011432274887429907,0.030615169490735557,11285.0
3,7,income,-0.17626595527136132,1.984902831218974e-79,0.17626595527136132,-0.09175230870049063,1.5684516639788288e-22,0.09175230870049063,11285.0
3,7,living,-0.06949561580093158,1.4605897114452926e-13,0.06949561580093158,0.05985908058981601,1.9671332722683107e-10,0.05985908058981601,11285.0
3,8,IMD,-0.06347903296570818,1.2828409879788516e-05,0.06347903296570818,-0.04472379230403565,0.00212364886478242,0.04472379230403565,4717.0
3,8,children,-0.09204779717402269,2.3942008341157857e-10,0.09204779717402269,-0.06720066127506734,3.849096529732472e-06,0.06720066127506734,4717.0
3,8,crime,-0.15495212568314878,9.740900898717962e-27,0.15495212568314878,-0.1618108333798045,4.8801515402183396e-29,0.1618108333798045,4717.0
3,8,education,-0.06023811333310381,3.4754520154318055e-05,0.06023811333310381,-0.04797446175553006,0.0009809623000871363,0.04797446175553006,4717.0
3,8,employment,-0.05339583086934642,0.00024360256992475828,0.05339583086934642,-0.03390501618877426,0.019876923587886987,0.03390501618877426,4717.0
3,8,environment,-0.06225002306422299,1.964967347296873e-05,0.06225002306422299,-0.04453330945168115,0.002269797830456614,0.04453330945168115,4696.0
3,8,health,-0.04643651627628211,0.001421964878973328,0.04643651627628211,-0.059899246075030846,3.84650329673996e-05,0.059899246075030846,4717.0
3,8,housing,0.07448001691269267,3.037959956155669e-07,0.07448001691269267,0.06096603884307139,2.7900234018573194e-05,0.06096603884307139,4717.0
3,8,income,-0.09730276564012474,2.1285924348797854e-11,0.09730276564012474,-0.07183925867125535,7.85141801425561e-07,0.07183925867125535,4717.0
3,8,living,-0.020039293501819443,0.16879671680479091,0.020039293501819443,0.023213250220789024,0.11091632531809134,0.023213250220789024,4717.0
3,9,IMD,-0.05131129883503499,4.936251983868751e-08,0.05131129883503499,-0.014204848766618526,0.13134077778593536,0.014204848766618526,11284.0
3,9,children,-0.13089852580896444,2.606025937853788e-44,0.13089852580896444,-0.07097727480148953,4.408752178259905e-14,0.07097727480148953,11284.0
3,9,crime,-0.25842594194523755,1.3564578224333415e-171,0.25842594194523755,-0.17281734326154774,2.265117964234558e-76,0.17281734326154774,11284.0
3,9,education,-0.050088583313050696,1.0180593782272725e-07,0.050088583313050696,-0.04097350040341965,1.3379519776256736e-05,0.04097350040341965,11284.0
3,9,employment,-0.06392500296498015,1.070366694853845e-11,0.06392500296498015,-0.030625987705859756,0.0011391882257435846,0.030625987705859756,11284.0
3,9,environment,0.010926796054935881,0.247309843536449,0.010926796054935881,0.09282219246990944,6.935979782567676e-23,0.09282219246990944,11212.0
3,9,health,-0.06375838391821169,1.2104701307766275e-11,0.06375838391821169,-0.04411186282624016,2.7643174142330368e-06,0.04411186282624016,11284.0
3,9,housing,0.11996434596187472,1.9097390614286994e-37,0.11996434596187472,0.12330860160295062,1.7624343550060353e-39,0.12330860160295062,11284.0
3,9,income,-0.11306632717789229,1.9889931913724828e-33,0.11306632717789229,-0.045464813688930905,1.354970246868381e-06,0.045464813688930905,11284.0
3,9,living,0.09100580789250491,3.450229397556623e-22,0.09100580789250491,0.16220058509770718,2.2281104492786114e-67,0.16220058509770718,11284.0
3,10,IMD,0.09221629094894356,5.077424867165503e-22,0.09221629094894356,0.15558896347873744,5.045230750507991e-60,0.15558896347873744,10899.0
3,10,children,0.038517379887539574,5.766213191842501e-05,0.038517379887539574,0.1077600118652228,1.6190180087515152e-29,0.1077600118652228,10899.0
3,10,crime,-0.029281053592745104,0.002234178653178272,0.029281053592745104,0.04918698783040412,2.7833250037004587e-07,0.04918698783040412,10899.0
3,10,education,0.04504044620054521,2.5512234510950763e-06,0.04504044620054521,0.10139414014307879,2.634412222867265e-26,0.10139414014307879,10899.0
3,10,employment,0.0868049269413799,1.1019795972944096e-19,0.0868049269413799,0.1324664360307274,7.393653753322357e-44,0.1324664360307274,10899.0
3,10,environment,0.10032332548944466,1.2367688608472018e-25,0.10032332548944466,0.19906758099720845,3.1880532636205065e-97,0.19906758099720845,10831.0
3,10,health,0.08513141083287395,5.449560693783747e-19,0.08513141083287395,0.09461045227412516,4.236495567128006e-23,0.09461045227412516,10899.0
3,10,housing,0.05811026165645579,1.2708010204463584e-09,0.05811026165645579,0.09835304652260125,7.6831902671439155e-25,0.09835304652260125,10899.0
3,10,income,0.06958113580291793,3.538574416987995e-13,0.06958113580291793,0.16084113553581547,4.5184064635978673e-64,0.16084113553581547,10899.0
3,10,living,0.12721688297135333,1.4699389326579582e-40,0.12721688297135333,0.16535833252378265,1.1509084829847704e-67,0.16535833252378265,10899.0
3,11,IMD,-0.19491013514861547,7.711302458621726e-05,0.19491013514861547,-0.15738717586699807,0.0014659777084550167,0.15738717586699807,406.0
3,11,children,-0.2184555846611487,8.914709642509689e-06,0.2184555846611487,-0.1733141267291536,0.00045149070829355974,0.1733141267291536,406.0
3,11,crime,-0.25289110267704173,2.416215959123434e-07,0.25289110267704173,-0.21110243801503578,1.7955132191481713e-05,0.21110243801503578,406.0
3,11,education,-0.1867170768433199,0.0001543438270242613,0.1867170768433199,-0.13823233988828887,0.0052687986411778754,0.13823233988828887,406.0
3,11,employment,-0.19832698760717626,5.7242789474405586e-05,0.19832698760717626,-0.1740134541057614,0.000427701339033911,0.1740134541057614,406.0
3,11,environment,-0.09108208934187188,0.06776309841940045,0.09108208934187188,-0.09968177618420494,0.04551480683021986,0.09968177618420494,403.0
3,11,health,-0.21651607194209,1.0748195297633579e-05,0.21651607194209,-0.18833858901965236,0.0001348471071395172,0.18833858901965236,406.0
3,11,housing,0.11409360863183228,0.021485213764633204,0.11409360863183228,0.14719010946971178,0.002950366768081573,0.14719010946971178,406.0
3,11,income,-0.239918341969007,1.003598658023243e-06,0.239918341969007,-0.1856078038474077,0.00016917193236744353,0.1856078038474077,406.0
3,11,living,-0.004728419581341254,0.9243292872599462,0.004728419581341254,-0.007325052333522875,0.8830194473165871,0.007325052333522875,406.0
4,1,IMD,-0.29482742373713344,1.558199450802836e-225,0.29482742373713344,-0.13177746603760826,5.66831083919064e-45,0.13177746603760826,11306.0
4,1,children,-0.36428717549262374,0.0,0.36428717549262374,-0.1806961332908269,1.3588547843671514e-83,0.1806961332908269,11306.0
4,1,crime,-0.49343681121400673,0.0,0.49343681121400673,-0.3113946176593598,1.04611488104475e-252,0.3113946176593598,11306.0
4,1,education,-0.17091665844601292,7.363648797430836e-75,0.17091665844601292,-0.1042066223327696,1.1305915154734145e-28,0.1042066223327696,11306.0
4,1,employment,-0.27421703382463614,3.5674128754589305e-194,0.27421703382463614,-0.13476854729177706,5.641913137691069e-47,0.13476854729177706,11306.0
4,1,environment,-0.22892821856847495,1.665999646000217e-133,0.22892821856847495,-0.02303810034850237,0.01461126001553133,0.02303810034850237,11234.0
4,1,health,-0.26878812919063616,2.3604688465030166e-186,0.26878812919063616,-0.14392401077220396,2.166874255681629e-53,0.14392401077220396,11306.0
4,1,housing,0.024853009525233016,0.008224096937112896,0.024853009525233016,0.111574386743596,1.190210376875686e-32,0.111574386743596,11306.0
4,1,income,-0.3739087251597865,0.0,0.3739087251597865,-0.18197357301525002,9.000374470264544e-85,0.18197357301525002,11306.0
4,1,living,-0.10072233603289442,6.90434102213922e-27,0.10072233603289442,0.0977920066034098,1.9670926905535309e-25,0.0977920066034098,11306.0
4,2,IMD,-0.2344869722326102,7.426931334795272e-141,0.2344869722326102,-0.09490511253987953,5.183884221220063e-24,0.09490511253987953,11291.0
4,2,children,-0.3081126399998724,7.410173842305506e-247,0.3081126399998724,-0.13800525798022648,3.9434979451338795e-49,0.13800525798022648,11291.0
4,2,crime,-0.4178032500600183,0.0,0.4178032500600183,-0.2519995065566817,4.36005623313578e-163,0.2519995065566817,11291.0
4,2,education,-0.15880222655779375,1.1515729396116285e-64,0.15880222655779375,-0.09018842750066489,7.8519436687702265e-22,0.09018842750066489,11291.0
4,2,employment,-0.2260107547552567,9.795244070857898e-131,0.2260107547552567,-0.0963746029228129,1.0296814884747724e-24,0.0963746029228129,11291.0
4,2,environment,-0.14948465334716346,4.5201362424191276e-57,0.14948465334716346,0.0033029706171254125,0.7264798701363306,0.0033029706171254125,11219.0
4,2,health,-0.2041747725294715,1.5214621686157015e-106,0.2041747725294715,-0.10451121318943488,8.518180273568084e-29,0.10451121318943488,11291.0
4,2,housing,0.032517962485931445,0.0005485375044445605,0.032517962485931445,0.08087163837380879,7.532735098809635e-18,0.08087163837380879,11291.0
4,2,income,-0.3086585282929507,9.05671398075913e-248,0.3086585282929507,-0.13703340779936768,1.8484048934527403e-48,0.13703340779936768,11291.0
4,2,living,-0.034665936473312155,0.0002293578896987507,0.034665936473312155,0.10409672102388956,1.4006785620719643e-28,0.10409672102388956,11291.0
4,3,IMD,-0.27570795722838587,2.5540583179044165e-196,0.27570795722838587,-0.13767203101912973,5.918460006342499e-49,0.13767203101912973,11304.0
4,3,children,-0.3365451166423953,2.175999976643885e-297,0.3365451166423953,-0.179205240695816,3.251900670328453e-82,0.179205240695816,11304.0
4,3,crime,-0.4812237864217566,0.0,0.4812237864217566,-0.3086868780375895,4.232322282241519e-248,0.3086868780375895,11304.0
4,3,education,-0.12562271274840758,5.435073462143172e-41,0.12562271274840758,-0.09887260617944157,5.843846074553254e-26,0.09887260617944157,11304.0
4,3,employment,-0.24769535945282964,1.2340979211399436e-157,0.24769535945282964,-0.12489017699128006,1.5677076235894433e-40,0.12489017699128006,11304.0
4,3,environment,-0.2656139920396015,1.0941327127403496e-180,0.2656139920396015,-0.059430212896483946,2.9127686938829556e-10,0.059430212896483946,11232.0
4,3,health,-0.22973344956486264,2.778654299973858e-135,0.22973344956486264,-0.12812335188603782,1.3931622541708252e-42,0.12812335188603782,11304.0
4,3,housing,-0.01858838212516843,0.04812375241852548,0.01858838212516843,0.05413497066979071,8.449780573357911e-09,0.05413497066979071,11304.0
4,3,income,-0.35974893657434387,0.0,0.35974893657434387,-0.19050044975785121,7.486534534777064e-93,0.19050044975785121,11304.0
4,3,living,-0.14880414986564394,5.595903644121149e-57,0.14880414986564394,0.051120716966467424,5.384478118983888e-08,0.051120716966467424,11304.0
4,4,IMD,-0.2648227666077443,4.479119808573712e-180,0.2648227666077443,-0.060966936953167974,9.446023143397598e-11,0.060966936953167974,11263.0
4,4,children,-0.32695000812124936,8.211100048352212e-279,0.32695000812124936,-0.09339593985735335,3.007053146611927e-23,0.09339593985735335,11263.0
4,4,crime,-0.4207195013619602,0.0,0.4207195013619602,-0.15805185970254754,6.539118500541484e-64,0.15805185970254754,11263.0
4,4,education,-0.21069660585069494,3.2676094015179293e-113,0.21069660585069494,-0.0827408329299845,1.4283356579029586e-18,0.0827408329299845,11263.0
4,4,employment,-0.28429495952582867,2.1836460078786877e-208,0.28429495952582867,-0.08096101913163435,7.608571133996856e-18,0.08096101913163435,11263.0
4,4,environment,-0.16401683494026087,2.5376596788008004e-68,0.16401683494026087,0.0390294656568242,3.628535231600744e-05,0.0390294656568242,11191.0
4,4,health,-0.2675591123614925,6.49844069057677e-184,0.2675591123614925,-0.07833347491996577,8.419341060585463e-17,0.07833347491996577,11263.0
4,4,housing,0.12562663913124048,7.50138583533511e-41,0.12562663913124048,0.11085806531618875,3.896396384021573e-32,0.11085806531618875,11263.0
4,4,income,-0.33646985876291097,3.5352098626369653e-296,0.33646985876291097,-0.08899043911416464,3.0198722337472665e-21,0.08899043911416464,11263.0
4,4,living,-0.039686681321995515,2.5196551928166477e-05,0.039686681321995515,0.12964930169909664,2.0368315005930064e-43,0.12964930169909664,11263.0
4,5,IMD,-0.0006291908569363285,0.9468688511948147,0.0006291908569363285,0.012452195537891432,0.1872036232892268,0.012452195537891432,11220.0
4,5,children,-0.05281120327114764,2.177370345214582e-08,0.05281120327114764,-0.01859848495192761,0.048839960065334774,0.01859848495192761,11220.0
4,5,crime,-0.19626217426855658,7.906797033747142e-98,0.19626217426855658,-0.15340236178611796,4.793449013029467e-60,0.15340236178611796,11220.0
4,5,education,0.012540275073637273,0.18410325523241697,0.012540275073637273,0.002556986079831167,0.7865312133986685,0.002556986079831167,11220.0
4,5,employment,0.016802367793755407,0.0751234720897714,0.016802367793755407,0.01997649069691807,0.03434691755829091,0.01997649069691807,11220.0
4,5,environment,-0.05221797723264709,3.457528135590627e-08,0.05221797723264709,0.04161749245599288,1.104892704861327e-05,0.04161749245599288,11148.0
4,5,health,0.015334769517339933,0.10432409839843992,0.015334769517339933,0.012272583259859119,0.19364505694333792,0.012272583259859119,11220.0
4,5,housing,0.02231002622342207,0.018117438058323995,0.02231002622342207,0.0683132863203204,4.3658325411222977e-13,0.0683132863203204,11220.0
4,5,income,-0.054725018983892926,6.614856813314094e-09,0.054725018983892926,-0.027751730931632815,0.0032839563602068745,0.027751730931632815,11220.0
4,5,living,-0.003495639142500404,0.7112083608947384,0.003495639142500404,0.10727687964256015,4.4344594443106485e-30,0.10727687964256015,11220.0
4,6,IMD,-0.21121849211478602,3.910062115568433e-114,0.21121849211478602,-0.09942618484763853,3.1850401851134995e-26,0.09942618484763853,11299.0
4,6,children,-0.2771177351581738,2.635930608737709e-198,0.2771177351581738,-0.14581808048164993,9.70606953429923e-55,0.14581808048164993,11299.0
4,6,crime,-0.4399352322515038,0.0,0.4399352322515038,-0.2998709330646614,1.787041846239121e-233,0.2998709330646614,11299.0
4,6,education,-0.08415044166875847,3.2519702625442673e-19,0.08415044166875847,-0.06594247530046712,2.2776711227655426e-12,0.06594247530046712,11299.0
4,6,employment,-0.16877492527975466,5.694576537294787e-73,0.16877492527975466,-0.07736241860472426,1.7984718617521213e-16,0.07736241860472426,11299.0
4,6,environment,-0.22665886129591084,9.246092356555701e-131,0.22665886129591084,-0.04513524906608629,1.715624559511021e-06,0.04513524906608629,11227.0
4,6,health,-0.16227379823377147,1.587680115914342e-67,0.16227379823377147,-0.08646977399432429,3.3322224244388943e-20,0.08646977399432429,11299.0
4,6,housing,-0.02866149050839779,0.0023120519073372946,0.02866149050839779,0.05202442380068324,3.145078291875052e-08,0.05202442380068324,11299.0
4,6,income,-0.2943443745886097,1.2479274793730864e-224,0.2943443745886097,-0.1553658088126848,5.516022368695295e-62,0.1553658088126848,11299.0
4,6,living,-0.12399215103868917,5.921464943946017e-40,0.12399215103868917,0.05559304543879703,3.353622760370097e-09,0.05559304543879703,11299.0
4,7,IMD,-0.13060217454925255,3.2827523620735157e-44,0.13060217454925255,-0.06543094807191885,3.2870889013114844e-12,0.06543094807191885,11309.0
4,7,children,-0.21167297055930026,9.953587134698232e-115,0.21167297055930026,-0.11875755725547439,8.388829133402763e-37,0.11875755725547439,11309.0
4,7,crime,-0.40948167037309646,0.0,0.40948167037309646,-0.2885206200442649,1.0372872625850642e-215,0.2885206200442649,11309.0
4,7,education,-0.02516355924390365,0.007448086592588522,0.02516355924390365,-0.04110079962630895,1.2301275962098973e-05,0.04110079962630895,11309.0
4,7,employment,-0.09229804958105166,7.938002240213526e-23,0.09229804958105166,-0.04301162325427696,4.747879342982518e-06,0.04301162325427696,11309.0
4,7,environment,-0.17911930540342005,1.1645022177488204e-81,0.17911930540342005,-0.025353831213964048,0.007193335042838873,0.025353831213964048,11237.0
4,7,health,-0.06885799941944423,2.292750204160992e-13,0.06885799941944423,-0.04038722076118562,1.7374470939672005e-05,0.04038722076118562,11309.0
4,7,housing,-0.013095189233350034,0.1637717318638211,0.013095189233350034,0.057417636397663105,9.939748343135244e-10,0.057417636397663105,11309.0
4,7,income,-0.21679824400819114,2.1693525242340334e-120,0.21679824400819114,-0.11718885586821542,7.095861193173249e-36,0.11718885586821542,11309.0
4,7,living,-0.07721519620362563,1.989286738631573e-16,0.07721519620362563,0.07722673099424675,1.968947307275384e-16,0.07722673099424675,11309.0
4,8,IMD,-0.22492834175632948,1.5748374940901097e-129,0.22492834175632948,-0.10349270735836379,2.8038652383273105e-28,0.10349270735836379,11296.0
4,8,children,-0.2913849585244224,6.451163345500202e-220,0.2913849585244224,-0.14965193850102884,1.411882603237353e-57,0.14965193850102884,11296.0
4,8,crime,-0.44195314015308634,0.0,0.44195314015308634,-0.2739986987960157,1.0965624637105475e-193,0.2739986987960157,11296.0
4,8,education,-0.12156734818841858,1.8779686349404474e-38,0.12156734818841858,-0.0863867763301658,3.6604689011633354e-20,0.0863867763301658,11296.0
4,8,employment,-0.20007975653981416,2.385183218084339e-102,0.20007975653981416,-0.09383771887903135,1.6146420351027518e-23,0.09383771887903135,11296.0
4,8,environment,-0.20722182087879912,4.045855724357113e-109,0.20722182087879912,-0.020270634778554654,0.031751824274152254,0.020270634778554654,11224.0
4,8,health,-0.1883130948185804,1.1255522824645228e-90,0.1883130948185804,-0.1035221766210616,2.707148007334668e-28,0.1035221766210616,11296.0
4,8,housing,0.02058670040464882,0.02866970203224072,0.02058670040464882,0.07865031573122294,5.703072060083202e-17,0.07865031573122294,11296.0
4,8,income,-0.3038383379588581,6.997385099569447e-240,0.3038383379588581,-0.1492369337838221,2.8983338078741774e-57,0.1492369337838221,11296.0
4,8,living,-0.097896408839644,1.8358445684559572e-25,0.097896408839644,0.07723686940616732,2.029757321014663e-16,0.07723686940616732,11296.0
4,9,IMD,-0.3310284858357893,9.899056799626001e-287,0.3310284858357893,-0.1667855938288815,3.4009446870543316e-71,0.1667855938288815,11285.0
4,9,children,-0.38997218623849167,0.0,0.38997218623849167,-0.2162584000147709,1.5478291163476115e-119,0.2162584000147709,11285.0
4,9,crime,-0.47103188905741417,0.0,0.47103188905741417,-0.32431083165646163,1.224855108579041e-274,0.32431083165646163,11285.0
4,9,education,-0.2614408310527883,9.862494486911994e-176,0.2614408310527883,-0.15206040355682313,2.3734977490471227e-59,0.15206040355682313,11285.0
4,9,employment,-0.3353706766796421,1.0348658371633833e-294,0.3353706766796421,-0.1800189366977017,8.03873897976037e-83,0.1800189366977017,11285.0
4,9,environment,-0.17820788928886386,1.1421597617042579e-80,0.17820788928886386,-0.018374301250774886,0.05169934522119665,0.018374301250774886,11213.0
4,9,health,-0.3291448006187828,2.614846341926231e-283,0.3291448006187828,-0.19741251847283373,1.5329738050483714e-99,0.19741251847283373,11285.0
4,9,housing,0.12636113080997566,2.164915027759008e-41,0.12636113080997566,0.13437361854987534,1.2644427712495066e-46,0.13437361854987534,11285.0
4,9,income,-0.3961839042365167,0.0,0.3961839042365167,-0.20799582852402454,1.58482820445713e-110,0.20799582852402454,11285.0
4,9,living,-0.0573094896429555,1.1125089099165764e-09,0.0573094896429555,0.10330060145571275,3.7399451191629824e-28,0.10330060145571275,11285.0
4,10,IMD,0.23792130737772607,2.985006996112414e-145,0.23792130737772607,0.12315425302360244,1.867202023758123e-39,0.12315425302360244,11305.0
4,10,children,0.17680282930280852,4.772660051671701e-80,0.17680282930280852,0.09170460257828018,1.5144786173630665e-22,0.09170460257828018,11305.0
4,10,crime,0.09707071474643644,4.439862662681851e-25,0.09707071474643644,0.0897008008033184,1.2281309300855428e-21,0.0897008008033184,11305.0
4,10,education,0.13391824741897226,2.134032545469233e-46,0.13391824741897226,0.07039908972150696,6.698323538198235e-14,0.07039908972150696,11305.0
4,10,employment,0.21110363901461857,4.544114623843053e-114,0.21110363901461857,0.08660364992535084,2.850278621266705e-20,0.08660364992535084,11305.0
4,10,environment,0.19868763902247893,2.2415751925725789e-100,0.19868763902247893,0.09028875782336802,8.993727911715428e-22,0.09028875782336802,11233.0
4,10,health,0.23320185176670444,1.8260907528759418e-139,0.23320185176670444,0.1205866337784925,6.909591274878001e-38,0.1205866337784925,11305.0
4,10,housing,0.04353470630004164,3.6476633143325e-06,0.04353470630004164,0.0644042359248812,7.174393531279588e-12,0.0644042359248812,11305.0
4,10,income,0.20711707487886527,8.810343531097861e-110,0.20711707487886527,0.11384168397225265,6.297768871173541e-34,0.11384168397225265,11305.0
4,10,living,0.23692324268430948,5.1222662223485306e-144,0.23692324268430948,0.15222405267700617,1.405494839126729e-59,0.15222405267700617,11305.0
4,11,IMD,-0.3383270720766985,4.1317238676763394e-299,0.3383270720766985,-0.20744404574026204,1.549045954865139e-109,0.20744404574026204,11243.0
4,11,children,-0.3944269498625951,0.0,0.3944269498625951,-0.24566869483721612,3.4164318696320696e-154,0.24566869483721612,11243.0
4,11,crime,-0.46422597130150306,0.0,0.46422597130150306,-0.340887065820294,6.534931603760751e-304,0.340887065820294,11243.0
4,11,education,-0.2436001290612784,1.4619943871323773e-151,0.2436001290612784,-0.1672805746525904,2.361618469917086e-71,0.1672805746525904,11243.0
4,11,employment,-0.32412417831988444,2.7089813097499393e-273,0.32412417831988444,-0.20233702131295472,3.4124011575985816e-104,0.20233702131295472,11243.0
4,11,environment,-0.22439677149978177,1.216458600903739e-127,0.22439677149978177,-0.07943769856605282,4.000957167753667e-17,0.07943769856605282,11183.0
4,11,health,-0.3041834771630594,2.4877891083757066e-239,0.3041834771630594,-0.21006802091059762,2.446868251622855e-112,0.21006802091059762,11243.0
4,11,housing,0.008558368833557475,0.36420304954193106,0.008558368833557475,0.05152679982397277,4.588384252943821e-08,0.05152679982397277,11243.0
4,11,income,-0.4043227990355272,0.0,0.4043227990355272,-0.2465262384878402,2.7250202239290223e-155,0.2465262384878402,11243.0
4,11,living,-0.11429790622064923,5.210311585660662e-34,0.11429790622064923,0.029085680031686347,0.002039961498087646,0.029085680031686347,11243.0
5,1,IMD,-0.30592941598784457,7.618191561852475e-244,0.30592941598784457,-0.12121398807584234,2.575629074024747e-38,0.12121398807584234,11320.0
5,1,children,-0.35870625953587926,0.0,0.35870625953587926,-0.1503013345600794,3.464896668112698e-58,0.1503013345600794,11320.0
5,1,crime,-0.44176092674355205,0.0,0.44176092674355205,-0.21357620820767714,6.325539564666306e-117,0.21357620820767714,11320.0
5,1,education,-0.1889661554760003,1.7114495028167992e-91,0.1889661554760003,-0.10922571891792233,2.170842516709038e-31,0.10922571891792233,11320.0
5,1,employment,-0.29891498131100097,2.337504647074001e-232,0.29891498131100097,-0.12930536759092573,2.0980362734109323e-43,0.12930536759092573,11320.0
5,1,environment,-0.24190526022058445,1.7248871406317568e-149,0.24190526022058445,-0.03451635225650458,0.00025086951722265796,0.03451635225650458,11248.0
5,1,health,-0.28461129054044376,6.504985856142573e-210,0.28461129054044376,-0.1325498027763555,1.5373280498940565e-45,0.1325498027763555,11320.0
5,1,housing,0.05088975506029832,6.04879997236153e-08,0.05088975506029832,0.07641797675886598,3.9029261731947357e-16,0.07641797675886598,11320.0
5,1,income,-0.37049082088174634,0.0,0.37049082088174634,-0.1494151300959155,1.6218775303882218e-57,0.1494151300959155,11320.0
5,1,living,-0.1324971289102899,1.6667195304344038e-45,0.1324971289102899,0.04982947033806784,1.1308110508119823e-07,0.04982947033806784,11320.0
5,2,IMD,-0.2987605860097257,1.1085523444420068e-231,0.2987605860097257,-0.15250199816957308,9.225576543881769e-60,0.15250199816957308,11299.0
5,2,children,-0.3665464077561684,0.0,0.3665464077561684,-0.19585304199174236,4.293622884869041e-98,0.19585304199174236,11299.0
5,2,crime,-0.4559341391439997,0.0,0.4559341391439997,-0.2942777665652327,1.5906971244573946e-224,0.2942777665652327,11299.0
5,2,education,-0.21956737404416127,2.104624914284045e-123,0.21956737404416127,-0.14338513029382724,5.7175006863638315e-53,0.14338513029382724,11299.0
5,2,employment,-0.28818045713965584,5.372884697380274e-215,0.28818045713965584,-0.15596574333190588,1.8637900220361953e-62,0.15596574333190588,11299.0
5,2,environment,-0.18220646439073834,2.084892947624964e-84,0.18220646439073834,-0.023654253068252532,0.012196133400780603,0.023654253068252532,11227.0
5,2,health,-0.2606165204863577,8.179102736110742e-175,0.2606165204863577,-0.1526343979211517,7.297126611549962e-60,0.1526343979211517,11299.0
5,2,housing,0.05432701460646277,7.540816875108252e-09,0.05432701460646277,0.09222432891307458,8.963426113862792e-23,0.09222432891307458,11299.0
5,2,income,-0.3699100154394848,0.0,0.3699100154394848,-0.1899351908815496,2.904879155788495e-92,0.1899351908815496,11299.0
5,2,living,-0.058903394474217316,3.7046974640376894e-10,0.058903394474217316,0.08278704252886357,1.205931315388274e-18,0.08278704252886357,11299.0
5,3,IMD,-0.38649508333764504,0.0,0.38649508333764504,-0.1551154894924856,8.454123804291726e-62,0.1551154894924856,11301.0
5,3,children,-0.44232375134906954,0.0,0.44232375134906954,-0.17847102015489458,1.5880148233396995e-81,0.17847102015489458,11301.0
5,3,crime,-0.48399920674265956,0.0,0.48399920674265956,-0.24331448234118103,5.709882842068126e-152,0.24331448234118103,11301.0
5,3,education,-0.33342583891830985,1.5691856192799313e-291,0.33342583891830985,-0.16449325739331375,2.2648710053055525e-69,0.16449325739331375,11301.0
5,3,employment,-0.39665742186797454,0.0,0.39665742186797454,-0.1728761733935136,1.5532957462684604e-76,0.1728761733935136,11301.0
5,3,environment,-0.20786977932387568,7.459135084593345e-110,0.20786977932387568,-0.007341033287635977,0.43666866315425523,0.007341033287635977,11229.0
5,3,health,-0.3622172826001373,0.0,0.3622172826001373,-0.17141918218351027,2.9059131142135148e-75,0.17141918218351027,11301.0
5,3,housing,0.09441713621172165,8.428223492246978e-24,0.09441713621172165,0.10842932387494329,6.607418693709555e-31,0.10842932387494329,11301.0
5,3,income,-0.44922750506236553,0.0,0.44922750506236553,-0.18103107582326397,7.2642613663828805e-84,0.18103107582326397,11301.0
5,3,living,-0.07812056515598366,9.06065812499459e-17,0.07812056515598366,0.09281503824551836,4.7370654236424877e-23,0.09281503824551836,11301.0
5,4,IMD,-0.25694511075778276,1.2818873272379293e-169,0.25694511075778276,-0.11560259432498406,6.975751629465876e-35,0.11560259432498406,11286.0
5,4,children,-0.32622404539713434,4.47603669302389e-278,0.32622404539713434,-0.16863326637370035,9.08233647300074e-73,0.16863326637370035,11286.0
5,4,crime,-0.5031319878724566,0.0,0.5031319878724566,-0.32730927809411997,5.056832445060437e-280,0.32730927809411997,11286.0
5,4,education,-0.11378711315123595,7.663178854156473e-34,0.11378711315123595,-0.07637807215641423,4.472130319280629e-16,0.07637807215641423,11286.0
5,4,employment,-0.20658657787812149,4.888326587957497e-109,0.20658657787812149,-0.09249942827064091,7.079050448857032e-23,0.09249942827064091,11286.0
5,4,environment,-0.23685426102123042,8.6534391033142e-143,0.23685426102123042,-0.055456821186130816,4.1894797616959205e-09,0.055456821186130816,11214.0
5,4,health,-0.20251465198548524,9.073970313759078e-105,0.20251465198548524,-0.10634906372568169,9.433591570899644e-30,0.10634906372568169,11286.0
5,4,housing,-0.022477688868258433,0.016941832574174507,0.022477688868258433,0.07337553915156121,5.961873671163739e-15,0.07337553915156121,11286.0
5,4,income,-0.34273592273056713,1.418917309352368e-308,0.34273592273056713,-0.175028307645124,2.4726162913910723e-78,0.175028307645124,11286.0
5,4,living,-0.12436640611613457,3.83529459464027e-40,0.12436640611613457,0.05052418975184205,7.860479873360192e-08,0.05052418975184205,11286.0
5,5,IMD,-0.235597071453504,4.61074209469775e-142,0.235597071453504,-0.1089459814463288,3.950092486784151e-31,0.1089459814463288,11279.0
5,5,children,-0.2806448896060611,3.45982357681001e-203,0.2806448896060611,-0.13418313882397578,1.79444395688351e-46,0.13418313882397578,11279.0
5,5,crime,-0.36622234495182787,0.0,0.36622234495182787,-0.2160414854289867,3.115706511026024e-119,0.2160414854289867,11279.0
5,5,education,-0.16635909577840058,8.461358236474447e-71,0.16635909577840058,-0.09824116312379218,1.352117416278219e-25,0.09824116312379218,11279.0
5,5,employment,-0.24812062554862935,7.667688407697958e-158,0.24812062554862935,-0.12436631485590147,4.052124672593548e-40,0.12436631485590147,11279.0
5,5,environment,-0.13245756670167338,4.8384370528521975e-45,0.13245756670167338,-0.013764398674520097,0.14510294870831336,0.013764398674520097,11207.0
5,5,health,-0.25126504796095034,6.001609172520002e-162,0.25126504796095034,-0.13617030800368515,8.082504279566712e-48,0.13617030800368515,11279.0
5,5,housing,0.13573613133580698,1.5975497936351111e-47,0.13573613133580698,0.10567229921172634,2.2397210490539718e-29,0.10567229921172634,11279.0
5,5,income,-0.2914126229957235,1.2425591188899422e-219,0.2914126229957235,-0.13112170184451316,1.9427184831709323e-44,0.13112170184451316,11279.0
5,5,living,-0.03511360664725796,0.00019156001834568786,0.03511360664725796,0.07032854618842893,7.574469843117321e-14,0.07032854618842893,11279.0
6,1,IMD,-0.2666972143628947,2.8134850386118122e-183,0.2666972143628947,-0.13359167460988491,3.7338326573110906e-46,0.13359167460988491,11299.0
6,1,children,-0.313424011642496,5.3082565303275376e-256,0.313424011642496,-0.1648503979306231,1.1734824520381e-69,0.1648503979306231,11299.0
6,1,crime,-0.431585509902548,0.0,0.431585509902548,-0.2791948958935873,2.2145373870250506e-201,0.2791948958935873,11299.0
6,1,education,-0.17299749846534962,1.2532938004816543e-76,0.17299749846534962,-0.11611026517038434,3.243325957808959e-35,0.11611026517038434,11299.0
6,1,employment,-0.2621336667611682,6.63736379445571e-177,0.2621336667611682,-0.13783619071514613,4.7805006225727634e-49,0.13783619071514613,11299.0
6,1,environment,-0.19411168684788738,9.337220361480983e-96,0.19411168684788738,-0.025699659240395387,0.006464915104916036,0.025699659240395387,11227.0
6,1,health,-0.27297395977992756,2.998432677102155e-192,0.27297395977992756,-0.14992835580791583,8.440886634120342e-58,0.14992835580791583,11299.0
6,1,housing,0.11744226835274632,5.4001113144151386e-36,0.11744226835274632,0.10611087402484108,1.1717607883753378e-29,0.10611087402484108,11299.0
6,1,income,-0.32779060838893187,3.285741980023789e-281,0.32779060838893187,-0.164078786221026,5.145455643009113e-69,0.164078786221026,11299.0
6,1,living,-0.09082366618580913,3.919674642154973e-22,0.09082366618580913,0.07577348120522487,7.312783102259277e-16,0.07577348120522487,11299.0
6,2,IMD,-0.3959201408399023,0.0,0.3959201408399023,-0.22297050959292608,2.918538776398196e-127,0.22297050959292608,11296.0
6,2,children,-0.44341261366222745,0.0,0.44341261366222745,-0.26518409181364777,4.2052768868621956e-181,0.26518409181364777,11296.0
6,2,crime,-0.5602326582245903,0.0,0.5602326582245903,-0.3848592373744849,0.0,0.3848592373744849,11296.0
6,2,education,-0.2415660019146254,1.0843133991599364e-149,0.2415660019146254,-0.16973159303211904,9.000809881869935e-74,0.16973159303211904,11296.0
6,2,employment,-0.3616072040711536,0.0,0.3616072040711536,-0.21130691351323827,3.356496218798812e-114,0.21130691351323827,11296.0
6,2,environment,-0.30038493516554216,9.143868009009698e-233,0.30038493516554216,-0.0966791286453761,1.0087446426553828e-24,0.0966791286453761,11224.0
6,2,health,-0.3637642320875375,0.0,0.3637642320875375,-0.2245640354288226,4.177332880696031e-129,0.2245640354288226,11296.0
6,2,housing,0.021772298475174902,0.020665769517193906,0.021772298475174902,0.07736058888169946,1.817936676039061e-16,0.07736058888169946,11296.0
6,2,income,-0.46797806070851977,0.0,0.46797806070851977,-0.27096377132951044,2.669052962404159e-189,0.27096377132951044,11296.0
6,2,living,-0.18951321219699746,7.860147240378543e-92,0.18951321219699746,0.017690700539998976,0.06008716923293921,0.017690700539998976,11296.0
6,3,IMD,-0.37638572862326375,0.0,0.37638572862326375,-0.17894128142672536,5.939206425690799e-82,0.17894128142672536,11301.0
6,3,children,-0.43488226750665815,0.0,0.43488226750665815,-0.2262551668555074,3.8964796740539655e-131,0.2262551668555074,11301.0
6,3,crime,-0.5651263407528245,0.0,0.5651263407528245,-0.34944931738705143,6.1e-322,0.34944931738705143,11301.0
6,3,education,-0.217593349827607,3.381822734041671e-121,0.217593349827607,-0.13699007279714362,1.7999959270617863e-48,0.13699007279714362,11301.0
6,3,employment,-0.3468794496574167,0.0,0.3468794496574167,-0.17634819684641698,1.3005820251392628e-79,0.17634819684641698,11301.0
6,3,environment,-0.29240126315824727,3.3049420347960336e-220,0.29240126315824727,-0.05833038405166015,6.183801517872693e-10,0.05833038405166015,11229.0
6,3,health,-0.34233874376792306,3.173200424382794e-308,0.34233874376792306,-0.18595963083415923,1.8076452865389487e-88,0.18595963083415923,11301.0
6,3,housing,0.03594945862970667,0.0001321260032450582,0.03594945862970667,0.10287727922108213,5.668760450509288e-28,0.10287727922108213,11301.0
6,3,income,-0.4558400672515348,0.0,0.4558400672515348,-0.22783963696582527,5.32567851798098e-133,0.22783963696582527,11301.0
6,3,living,-0.15857658080838744,1.5363891863001947e-64,0.15857658080838744,0.06440348775053957,7.2395519665526374e-12,0.06440348775053957,11301.0
6,4,IMD,-0.339895532150184,1.8459494165536398e-303,0.339895532150184,-0.1256137891207915,5.869587723415818e-41,0.1256137891207915,11296.0
6,4,children,-0.4028092255567409,0.0,0.4028092255567409,-0.15900978472954752,7.360969895461082e-65,0.15900978472954752,11296.0
6,4,crime,-0.5124289453351926,0.0,0.5124289453351926,-0.24191254736689977,3.9639510173150477e-150,0.24191254736689977,11296.0
6,4,education,-0.2309386887572874,1.2530509802702605e-136,0.2309386887572874,-0.11611408658778115,3.293589904461063e-35,0.11611408658778115,11296.0
6,4,employment,-0.3244150238159961,4.335395098619845e-275,0.3244150238159961,-0.13036880278097898,5.221195334276968e-44,0.13036880278097898,11296.0
6,4,environment,-0.2382076666914461,1.4083580859971484e-144,0.2382076666914461,-0.012570296219739572,0.18297720948630408,0.012570296219739572,11224.0
6,4,health,-0.3142627543524301,2.2855953441453238e-257,0.3142627543524301,-0.13027212350536133,6.038861329223708e-44,0.13027212350536133,11296.0
6,4,housing,0.058791829040065684,4.01950210058252e-10,0.058791829040065684,0.08819969866298735,5.922726371267736e-21,0.08819969866298735,11296.0
6,4,income,-0.4139839930337477,0.0,0.4139839930337477,-0.15500654933532867,1.0934705177538153e-61,0.15500654933532867,11296.0
6,4,living,-0.11353335508057306,1.0004545841937053e-33,0.11353335508057306,0.08305037173851991,9.477050765171686e-19,0.08305037173851991,11296.0
6,5,IMD,-0.23806877915304417,5.60848355682834e-145,0.23806877915304417,-0.10358942893553322,2.893811601325679e-28,0.10358942893553322,11269.0
6,5,children,-0.2981609015640485,4.137246708265548e-230,0.2981609015640485,-0.1337716739690452,3.7117022903591944e-46,0.1337716739690452,11269.0
6,5,crime,-0.4076344892772117,0.0,0.4076344892772117,-0.20854340273401525,5.881262330873067e-111,0.20854340273401525,11269.0
6,5,education,-0.1688515786891499,7.566947118419231e-73,0.1688515786891499,-0.08591417589063537,6.471514912008635e-20,0.08591417589063537,11269.0
6,5,employment,-0.22923514220116445,2.806703269273257e-134,0.22923514220116445,-0.11171432441206108,1.2560991663747064e-32,0.11171432441206108,11269.0
6,5,environment,-0.17718278397201265,1.2028668737056319e-79,0.17718278397201265,-0.015992578845083982,0.0905957195740017,0.015992578845083982,11198.0
6,5,health,-0.20272520762757631,7.844550126613958e-105,0.20272520762757631,-0.10578770506816235,2.0602513703027132e-29,0.10578770506816235,11269.0
6,5,housing,0.04240638694967783,6.693802117207041e-06,0.04240638694967783,0.05373181064958685,1.1470152542600137e-08,0.05373181064958685,11269.0
6,5,income,-0.3038879487070541,2.1478740832292237e-239,0.3038879487070541,-0.12645241833094406,2.1576321741420948e-41,0.12645241833094406,11269.0
6,5,living,-0.07659596492191041,3.88327809771196e-16,0.07659596492191041,0.07514578885259107,1.3764428799970674e-15,0.07514578885259107,11269.0
6,6,IMD,-0.38208253613400667,0.0,0.38208253613400667,-0.19820883523429977,2.4999744977602326e-100,0.19820883523429977,11283.0
6,6,children,-0.4236116173383083,0.0,0.4236116173383083,-0.23727053418456745,3.6123135857642195e-144,0.23727053418456745,11283.0
6,6,crime,-0.5251797050179867,0.0,0.5251797050179867,-0.3553700382533179,0.0,0.3553700382533179,11283.0
6,6,education,-0.2814132455742761,2.079309277059707e-204,0.2814132455742761,-0.1733198095922732,8.341393710884566e-77,0.1733198095922732,11283.0
6,6,employment,-0.35744800054052206,0.0,0.35744800054052206,-0.1887670725962578,5.220330092435854e-91,0.1887670725962578,11283.0
6,6,environment,-0.2447611931118446,1.3211624134135093e-152,0.2447611931118446,-0.06701767361016964,1.2193520366517346e-12,0.06701767361016964,11211.0
6,6,health,-0.3579315213096535,0.0,0.3579315213096535,-0.20669848376975142,3.972368329860374e-109,0.20669848376975142,11283.0
6,6,housing,0.04944778192022741,1.4798540856305203e-07,0.04944778192022741,0.08957014072263743,1.5371526400610314e-21,0.08957014072263743,11283.0
6,6,income,-0.4402208064442485,0.0,0.4402208064442485,-0.23738589564653353,2.6027591167991245e-144,0.23738589564653353,11283.0
6,6,living,-0.14689859832465177,1.8496724109528454e-55,0.14689859832465177,0.04174920334797409,9.160147107993466e-06,0.04174920334797409,11283.0
6,7,IMD,-0.1878674092916366,8.604733620687242e-88,0.1878674092916366,-0.08977623396937248,4.257385556736516e-21,0.08977623396937248,10982.0
6,7,children,-0.22970399845905565,1.885510491736057e-131,0.22970399845905565,-0.132091245771881,6.169593219678668e-44,0.132091245771881,10982.0
6,7,crime,-0.2904223007602041,2.1176308369702038e-212,0.2904223007602041,-0.19605923217878196,1.3507043667224899e-95,0.19605923217878196,10982.0
6,7,education,-0.12474224105309305,2.4582319827259783e-39,0.12474224105309305,-0.07995336123344772,4.812161534135782e-17,0.07995336123344772,10982.0
6,7,employment,-0.18561092229914128,1.0517405624460335e-85,0.18561092229914128,-0.10253642778787019,4.642824389291149e-27,0.10253642778787019,10982.0
6,7,environment,-0.10499986578438346,3.84214241518516e-28,0.10499986578438346,0.012377898697443575,0.19596260065150806,0.012377898697443575,10916.0
6,7,health,-0.17189847517476167,1.3489203673558184e-73,0.17189847517476167,-0.10662321632730158,3.8857621495946433e-29,0.10662321632730158,10982.0
6,7,housing,0.033417650802819686,0.0004607692438600593,0.033417650802819686,0.07802017432148886,2.663127479703819e-16,0.07802017432148886,10982.0
6,7,income,-0.2375993379526541,9.032837157710808e-141,0.2375993379526541,-0.12347370262218432,1.4371308866048625e-38,0.12347370262218432,10982.0
6,7,living,-0.04119303051879656,1.5733066985842464e-05,0.04119303051879656,0.09500225239094505,1.917966326570124e-23,0.09500225239094505,10982.0
